Last Name,First/Middle Name,Alias,Gender,Age,Color,Day,Month,Year,City,County,State,Child,Literate,Armed,Trasportation,Enslaver,Reward
,Celia,,F,,,27,Mar,1854,Norfolk,Norfolk,VA,,,,,David Baines,
,Charles,,M,22,B,20,Sept,1856,Mount Airy,Carroll,MD,,,,,Robert Dade,"250 in state, 100 out"
,David,,M,27,,31,May,1856,Leesburg,Loudon,VA,,,,Horse & Carriage,Joshua Pusey,
,Hannah,,F,23,,17,Oct,1857,Marshall Hope,Caroline,MD,,,,Foot,Charles Peters,
,Hanson,,M,47,B,5,Sept,1857,,Howard,MD,,,,,W. Baker & Hammond Dorsey,"100 in state, 200 out"
,Isabella,,F,,,,Oct,1856,Portsmouth,Norfolk,VA,,,,,,
,Isaiah,,M,,,7,Sept,1855,Tanner's Creek,Norfolk,VA,,,,Skiff,,
,Perry,,M,25,B,20,Sept,1856,Mount Airy,Carroll,MD,,,,,Robert Dade,"250 in state, 500 out"
,Richard,,M,30,B,22,Mar,1857,New Kent,,,,,,Foot,Captain Tucker,100 in state
,William,,M,25,B,17,Oct,1857,Cambridge,Dorchester,MD,,,,Foot,,
Airs,Peter,Peter Johnson,M,30,,21,Nov,1854,Berlin,Worcester,MD,,,,,Comfort & Betsy Airs,
Airs,Sarah,,F,25,,26,Oct,1854,,Worcester,MD,,,,Foot,William Purnell,
Albert,James,,M,,,,,1853,Eastern Shore,,MD,,,,,,
Aldridge,Bazil,,M,17,M,,,1857,Unionville,Frederick,MD,X,,,,Thorton Pool,
Aldridge,Caroline,,F,23,M,,,1857,Unionville,Frederick,MD,,,,,Thorton Pool,
Alexander,John,,M,44,B,,,1857,,Kent,,,,,,George Handy,
Allen,Andrew,,M,24,B,,,1857,Norfolk,Norfolk,VA,,,,,Mrs. Sarah Twyne,
Allen,Henry,,M,18,,14,Nov,1854,Wilmington,New Castle,DE,,,,,Dr. Johnson,
Allen,William,William Parnet,M,,,10,Feb,1853,Perryville,Caroline,MD,,,,,Henry Chamberlin,
Alligood,George,,M,22,,,,1858,,Sussex,DE,,,X,,George M. Davis,
Alligood,James,,M,,,,,1858,,Sussex,DE,,,,,William Gray,
Allison,Edenezer,,M,,M,,,1858,Richmond,Henrico,VA,,,,,John Tilghman Foster,
Amby,Lizzy,,F,28,B,17,Oct,1857,Cambridge,Dorchester,MD,,,,Foot,,300 in state
Amby,Nat,,M,,B,17,Oct,1857,Cambridge,Dorchester,MD,,,X,Foot,John Muir,
Amos,Anna Elizabeth,Anna Elizabeth Johnson,F,12,,,May,1854,Baltimore,Baltimore,MD,X,,,,John S. Giddings,
Amos,Ann Rebecca,Aann Rebecca Johnson,F,26,,12,May,1854,Baltimore,Baltimore,MD,,,,,John S. Giddings,
Amos,Harriet,Mary Jane Johnson,F,,M,12,May,1854,Baltimore,Baltimore,MD,,,,Foot,John S. Giddings,
Amos,Mary Ellen,Mary Ellen Johnson,F,,,12,May,1854,Baltimore,Baltimore,MD,X,,,,John S. Giddings,
Amos,Stephen,Henry Johnson,M,,,12,May,1854,,Prince Georges,MD,,,,Foot,John S. Giddings,
Amos,William H.,William H. Johnson,M,,,12,May,1854,Baltimore,Baltimore,MD,X,,,,John S. Giddings,
Anderson,George,,M,,,,Jul,1856,Elkton,Cecil,MD,,,,Schooner,,
Anderson,George,Henry Jones,M,19,,16,Dec,1854,Herberts Crossroads,,,,,,,Harom Stump,100 in state
Anderson,Henry,William Anderson,M,25,B,,,,Beaufort,Carteret,NC,,,,Foot,,
Anderson,James,,M,7,,17,Jan,1855,Petersburg,Dinwiddie,VA,X,,,,,
Anderson,Jonas,,M,,,7,Sept,1855,Tanner's Creek,Norfolk,VA,,,,,,
Anderson,Joshua John,,M,22,B,,,1858,Alexandria,Baltimore,MD,,,,,Skelton Price,
Anderson,Thomas,Jonathan Fisher,M,19,,30,Jan,1856,Sassafras Neck,Cecil,MD,,,,,Anthony Rybold,
Anthony,Adam,,M,,,24,Oct,1857,Cambridge,Dorchester,MD,X,,,Foot,,
Anthony,Kit,,M,23,,24,Oct,1857,Cambridge,Dorchester,MD,,X,X,Foot,,
Anthony,Leah,,F,28,,24,Oct,1857,Cambridge,Dorchester,MD,,,X,Foot,,
Anthony,Mary Ellen,,F,,,24,Oct,1857,Cambridge,Dorchester,MD,X,,,Foot,,
Anthony,Murray,,M,,,24,Oct,1857,Cambridge,Dorchester,MD,X,,,Foot,,
Archer,Sam,,M,30,,,,1860,Belleiar,Harford,MD,,,,,,
Armstead,Moses,,M,24,B,,,1857,Norfolk,Norfolk,VA,,,,,John Halters,
Atkins,Susan,,F,40,B,,,1854,Richmond,Henrico,VA,,,,Steamer,"Thomas Eckels, Esq",
Atkins,William Henry,,M,28,M,23,Apr,1854,Richmond,Henrico,VA,,X,,Steamer,,
Atkinson,Anthony,,M,36,M,1,Aug,1855,Norfolk,Norfolk,VA,,,,,Josiah Wells,
Atkinson,Henry,,M,,,23,Apr,1854,Norfolk,Norfolk,VA,,,,,Jesse Hendrian,
Atkinson,John,,M,31,M,28,Aug,1854,Portsmouth,Norfolk,VA,,X,,Steamer,James Ray,
Bacon,Abe,,M,22,B,,,1857,,Cecil,MD,,,,,Hon. L. McLane,
Baddums,Matthew,,M,23,,21,Jul,1856,Plymouth,Washington,NC,,,,Schooner,Samuel Simmons,
Bailey,Josiah,,M,29,B,15,Nov,1856,Easton,Talbot,MD,,,,,W.R. Hughlett,"1500 in state, 2000 out"
Bailey,William,,M,,B,15,Nov,1856,Easton,Talbot,MD,,,,,John C. Henry,300 in state
Baker,Henry,Charles Lightfoot,M,,,13,Mar,1855,Norfolk,Norfolk,VA,,,,,,
Ball,Joe,,M,34,M,,,1857,Alexandria,Fairfax,VA,,X,,,Miss Elizabeth Gordon,
Ball,Oscar D.,John Delaney,M,20,B,13,,1857,Alexandria,Fairfax,VA,,X,,,Miss Elizabeth Gordon,"100 in state, 200 out"
Ballard,George Henry,,M,26,,2,Feb,1858,,,,,X,,,William Jackson,
Banks,Elizabeth,,F,25,B,17,Aug,1855,Easton,Talbot,MD,,,,,James Tomlinson,
Banks,Henry,,M,19,,21,Dec,1854,,King George,VA,,,,Foot,Dr. James,
Banks,Jim,,M,29,M,,,1858,Georgetown,,DC,,,,,John J. Richards,
Barlow,Archer,Emit Robins,M,31,M,,,1853,Norfolk,Norfolk,VA,,,,Steamer,Dr. George Wilson,
Bayne,Richard,,M,23,M,,,1858,Alexandria,Fairfax,VA,,,X,,Rudolph Massey,
Beesly,Dick,,M,,B,,,,Wheldon,Halifax,NC,,,,,Richard Smallwood,
Bell,Anna,,F,,,12,Jun,1856,,,MD,,,,,,
Bell,Dianna,,F,30,,30,Jun,1856,Liberty District,,,,,,,Walker Simpson,
Bell,Garret,,M,8 mos,,,,,,Kent,MD,X,,,,Massey,
Bell,Harriet Ann,,F,14,,10,Apr,1854,Norfolk,Norfolk,VA,X,,,Boat,John G. Hodgson,
Bell,Harrison,,M,40,,10,Apr,1854,Norfolk,Norfolk,VA,,,,Boat,James Snyder,
Bell,Louisa,,F,28,B,22,Jun,1855,Norfolk,Norfolk,VA,,,,Schooner,L. Stasson,
Bell,Susan,,F,4,,,,1858,Washington,Washington,DC,X,,,,Mrs. Henry Harding,
Bell,Sarah Jane,,F,25,M,,,,,Kent,MD,,,,,Massey,
Belle,Jim,,M,26,B,,,1857,Upper Marlboro,Prince Georges,MD,,,,,Zachariah Berry,100
Belt,Robert,Charles Williams,M,29,,15,Nov,1854,Baltimore,Baltimore,MD,,,,,,
Benjamin,Dickinson,,M,28,B,23,Mar,1856,,,,,,,Schooner,Miss Ann Blunte,
Bennett,Daniel,Henry Washington,M,32,,1,Jun,1855,Leesburg,Loudon,VA,,,,,James Taylor,
Bennett,George,,M,1,,1,Jun,1855,Aldie P.O.,Loudon,VA,X,,,,George Carter,
Bennett,,,F,1 mos,,1,Jun,1855,Aldie P.O.,Loudon,VA,X,,,,George Carter,
Bennett,John,Joseph Pant,M,27,,22,Feb,1857,St. Michaels,,MD,,,,,Mary C. Gibson,
Bennett,Martha,Martha Washington,F,27,,1,Jun,1855,Leesburg,Loudon,VA,,,,,George Carter,1200
Benton,Samuel,,M,26,B,,,1857,,Kent,,,,,,William Campbell,
Bird,Charles,,M,24,B,3,Jun,1856,Hagerstown,Washington,MD,,,X,Horseback,David Claggert,
Bird,Mary,,F,,,4,Jul,1856,Norfolk,Norfolk,VA,,,,Schooner,,
Bishop,Elijah,,M,28,B,,,1858,Baltimore,Baltimore,MD,,,,,Campbell,
Bivans,,,F,,,,,1857,,,,X,,,,William H. Hyson,
Bivans,,,F,,,,,1857,,,,X,,,,William H. Hyson,
Bivans,Belinda,,F,30,B,,,1857,,,,,,,,William H. Hyson,
Blackson,James Henry,,M,25,,26,May,1854,,,,,,,,Charles Wright,
Blockson,Jacob,,M,27,,,,1858,,Sussex,DE,,X,,,Jesse W. Paten,
Blow,Anthony,Henry Levison,M,,B,1,Nov,1854,Norfolk,Norfolk,VA,,,,Steamer,Widow Peters,
Bodams,Matthew,,M,23,B,,Jul,1856,Plymouth,Washington,NC,,,,Schooner,Samuel Simmons,
Boggs,Alexander,Johnson Henson,M,50,B,3,Apr,1854,Baltimore,Baltimore,MD,,,,,John Emie,
Bohm,Henry,,M,25,,30,Jul,1855,Norlf,Norfolk,VA,,,,,,
Bolice,Henry,,M,,,,Jan,1858,Lewes,Sussex,DE,,,,Skiff,David Henry Houston,
Boile,Susan,,F,,,,,1857,Georgetown,Kent,MD,,,,,Hezekiah Masten,
Bolden,Andrew,,M,18,,,,,Newark,New Castle,DE,,,,,,
Booce,Richard J.,,M,22,B,,,1857,,,MD,,,,,Dr. Hughes,
Boon,Richmond,,M,22,,8,Sept,1584,Norfolk,Norfolk,VA,,,,,John Bodun,
Booze,Jacob Mathias,,M,20,,7,Feb,1855,Annapolis,Anne Arundel,MD,,,,,Richard Carmen,
Bowen,John,,M,,,17,Dec,1853,,,,,,,,,
Bow-Legs,Jim,Bill Paul,M,,,25,Oct,1855,Lexington,Oglethorpe,GA,,,,Foot,Dr. Thomas Stephens,500
Bowler,,,,,,,,1858,Richmond,Henrico,VA,X,,,,Alexander Royster,
Bowler,,,,,,,,1858,Richmond,Henrico,VA,X,,,,Alexander Royster,
Bowler,Nancy,,F,,,,,1858,Richmond,Henrico,VA,,,,,Alexander Royster,
Bowler,William,,M,41,B,,,1858,Richmond,Henrico,VA,,,,,Alexander Royster,
Bowles,Reuben,Rebuen Cunnigan,M,,,12,Apr,1854,Hedgesville,Berkeley,VA,,,,Foot,John Sabbard,
Bowser,Nathaniel,,M,,,,July,1856,Portsmouth,Norfolk,VA,,,,Schooner,,
Boyce,Andrew Jackson,,M,26,B,,,1858,Lewes,Sussex,DE,,,,,Dr. David Houston,
Boyer,Jacob Mathias,,M,20,B,,,1855,Annapolis,Anne Arundel,ML,,,,,Richard Carman,
Bradley,Richard,,M,27,,1,June,1855,Richmond,Henrico,VA,,,,Schooner,Samuel Ball,
Branson,Randolph,,M,31,B,,,1857,Washington,,DC,,,,,Richard Reed,
Brister,Nancy,,F,,B,,,1856,Richmond,Henrico,VA,,,,Boat,William Bears,
Briston,John,Charles Steward,M,34,,25,Oct,1853,Richmond,Henrico,VA,,,,,,
Brooks,Adam,William Smith,M,,B,20,Jan,1855,Hardtown,Montgomery,MD,,,,,John Phillips,
Brooks,Susan,,F,40,B,23,Apr,1854,Norfolk,Norfolk,VA,,,,Steamer,"Thomas Eckles, Esq.",
Brown,Albert,,M,,M,3,Jun,1856,Hagerstown,Washington,MD,,,X,Horseback,George Shaffer,
Brown,Albert,,M,27,,7,Sept,1855,Tanners Creek,Norfolk,VA,,,,Boat,John & Henry Holland,
Brown,Angeline,,F,,M,3,Jun,1856,Hagerstown,Washington,MD,,,,Horseback,George Shaffer,
Brown,Anthony,,M,29,,7,Sept,1855,Tanners Creek,Norfolk,VA,,,,Boat,John & Henry Holland,
Brown,Charles,,M,25,B,,,,Sandy Hook,Harford,MD,,,,Foot,William Wheeling,
Brown,Charles,,M,,,3,Jun,1856,Hagerstown,Washington,MD,,,X,Horseback,George Shaffer,
Brown,Charles Henry,,M,27,,5,Feb,1856,Cambridge,Dorchester,MD,,,,,Dr. Richard Dorsey,
Brown,Chaskey,,M,24,B,,,,Chestertown,Kent,MD,,,,Foot,Major James H. Gales,1200
Brown,George W.,James White,M,17,,8,Sept,1854,,,MD,X,,,,James Kinny,
Brown,Harriet,Jane Wooton,F,,,3,Apr,1853,Baltimore,Baltimore,MD,,,,Foot,George Stewart,
Brown,Jacob,,M,20,B,,,1856,,,NC,,,,Boat,Lewis Brown,
Brown,James,,M,,,,,1859,North Point,Baltimore,MD,,,,,Henry Jones,
Brown,John,,M,,,20,Nov,1855,Norfolk,Norfolk,VA,,,,Schooner,,
Brown,John,Jacob Williams,M,,,3,Apr,1854,Frederickstown,Cecil,MD,,,,,Joseph Postly,
Brown,John,,M,,,,,1859,,,,,,,,Benjamin Thorn,
Brown,John,,M,,,,,1859,Frederick Mills,Montgomery,MD,,,,,James Edward Stevens,
Brown,John W.,,M,,,10,Sept,1853,Baltimore,Baltimore,MD,,,,,,
Brown,Louisa,,F,16,M,,,,Baltimore,Baltimore,MD,X,,,Foot,,
Brown,Rebecca,Helen Parker,F,,,6,Apr,1853,Annapolis,Anne Arundel,MD,,,,,T.C. Howard,
Brown,Robert,Thomas Jones,M,25,M,25,Dec,1856,Martinsburg,Henry,VA,,,,Horseback,Col. John F. Fraic,
Brown,Solomon,,M,22,B,13,Feb,1854,Norfolk,Norfolk,VA,,,,Steamer,Mary A. Ely,
Brown,Stepney,,M,34,B,,,1859,Richmond,Henrico,VA,,,,,Julia A. Mitchell,
Brown,William,,M,,B,20,Dec,1855,,Prince Georges,MD,,,,,William Elliott,
Brown,William,,M,36,,,,1860,Baltimore,Baltimore,MD,,,,,Lynchum,
Buchanan,Jenny,,F,45,M,,,1860,Rockbridge,,VA,,,,,John Bower,
Burkett,Elizabeth,,F,,,,,1860,Kunkletown,Worcester,MD,,,,Boat,,
Burkett,Henry,,M,,,,,1860,Kunkletown,Worcester,MD,,,,Boat,,
Burrell,James,W. Boural,M,32,M,11,Mar,1853,Williamsburg,James City,VA,,,,,,
Burrell,Lewis,,M,,,21,Apr,1856,Alexandria,Fairfax,VA,,,,,Edward M. Clark,
Burrell,Peter,,M,,,21,Apr,1856,Alexandria,Fairfax,VA,,,,,Bejamin Johnson Hall,
Burton,Hale,,M,,,,,1860,Kunkletown,Worcester,MD,,,,Boat,,
Burton,Handy,,M,,,,,1858,,,DE,,,,,Shepherd Burton,
Burton,Perry,,M,27,B,,,1857,Indian River,Sussex,DE,,,,Foot,John R. Burton,
Bush,Samuel,William Olebee,M,33,M,16,Nov,1853,,,VA,,,,,William Hoyle,
Butcher,William,William T. Mitchell,M,28,B,29,Nov,1854,Georgetown,Kent,MD,,,,,William Boyer,
Butler,James,,M,21,B,4,Jun,1857,Abingdon P.O.,Harford,MD,,,,,Thomas Johnson,500
Butler,John Alexander,,M,29,B,,,1857,Arlington,Baltimore,MD,,,,,William Ford,
Butler,Stephen,,M,22,B,4,Jun,1857,Abingdon P.O.,Harford,MD,,,,,Thomas Johnson,
Cain,James,,M,35,B,,,1857,Hoopesville,Dorchester,MD,,,,,John Burnham,
Cale,,,F,,,25,Mar,1856,,,,,,,,,
Cale,David,,M,,,25,Mar,1856,,,,,,,,,
Cale,Ellen,Sarah Johnson,F,18,,15,Nov,1854,Baltimore,Baltimore,MD,,,,,,
Cale,Mary,Jane Johnson,F,16,,15,Nov,1854,Baltimore,Baltimore,MD,X,,,,,
Camp,,,F,,,,,1853,Richmond,Henrico,VA,,,,,Dr. K. Clark,
Camp,Joseph H.,,M,20,,16,Nov,1853,Richmond,Henrico,VA,,,,Steamer,Dr. K. Clark,
Campbell,Frank,,M,,B,,,1858,,,,,,,,Henry Campbell,
Camper,James,,M,24,B,24,Oct,1857,Cambridge,Dorchester,MD,,,X,,Henry Hooper,
Cannon,Ansel,,M,25,B,,,1859,New Market,Dorchester,MD,,,,,Kitty Cannon,
Cannon,Plymouth,,M,42,M,2,Feb,1858,,,,,,,,Nat Horsey,
Carlisle,William,,M,,B,4,Jul,1859,,,MD,,,,,Aquila Cain,
Carney,William,,M,51,B,,,1857,Norfolk,Norfolk,VA,,,,,Mrs. Sarah Twyne,
Carpenter,William,,M,,,,,1858,,,VA,,,,,Senator Mason,
Carr,Daniel,,M,38,M,20,Nov,1855,Norfolk,Norfolk,VA,,,,Schooner,John C. McBole,
Carr,John Thompson,,M,,,,,1858,Richmond,Henrico,VA,,,,,Albert Lewis,
Carr,Robert,,M,,,26,Dec,1857,West River,Anne Arundel,MD,,X,,,Thomas J. Richardson,125 in state/300 out
Caroll,Edward,,M,21,,,,1858,,Sussex,MD,,,X,,John Lewis,
Carroll,George,,M,24,B,,,1857,Washington,,DC,,,,,C.C. Hirara,
Carter,Charles,,M,30,M,10,Apr,1856,Richmond,Henrico,VA,,X,,,Daniel Delaplain,
Cary,Harrison,,M,28,M,,,,Washington,,DC,,,,,Jane E. Ashley,
Casting,Edward,,M,17,,,,1860,Duck Creek,Baltimore,MD,X,,,,Robert Moore,
Chambers,Henry,James Green,M,24,B,30,Jan,1856,Sassafras Neck,Cecil,MD,,,,Foot,William Rybold,
Chambers,John,David Green,M,26,B,30,Jan,1856,,,MD,,,,Foot,Thomas Murphy,
Chapman,Emeline,,F,25,B,30,Aug,1856,Washington,,DC,,,,Foot,Mrs. Emily Thompson,300 in state
Chapman,John Henry,,M,7 mos,M,30,Aug,1856,Washington,,DC,X,,,Foot,Mrs. Emily Thompson,
Chapman,Margaret Ann,,F,2,B,30,Aug,1856,Washington,,DC,X,,,Foot,Mrs. Emily Thompson,
Chase,John,Daniel Floyd,M,20,B,29,Dec,1854,Cambridge,Dorchester,MD,,,,,John Campbell Henry,
Chiles,Lewis,,M,,,2,Jun,1855,Richmond,Henrico,VA,,,,,Lewis Hill,
Chion,Emma,,F,,,,,1860,,Dorchester,MD,,,,,Bushong Blake,
Chion,William,,M,27,B,,,1860,,Dorchester,MD,,,,,Mr. Tubman,
Christian,James H.,,M,,M,,,,Richmond,Henrico,VA,,X,,,"William H. Christian, Esq.",
Christy,Jack,,M,,,,,1858,Belleair,Harford,MD,,,,,,
Clagart,John,,M,22,M,,,1857,Fairfax,Fairfax,VA,,,,,George Coleman,
Clark,Emily,,F,,,1,Oct,1855,,,MD,,,,,,
Clayton,John,,M,20,M,26,Feb,1854,Richmond,Henrico,VA,,X,,,Mrs. Clayton,
Clayton,Levinia,,F,,,12,Jun,1854,Petersburg,Dinwiddle,VA,,,,,,
Clexton,Perry,,M,25,B,,,1858,Georgetown,,DC,,,,,John M. Williams,
Clinton,Thomas,,M,21,B,,,1856,Baltimore,Baltimore,MD,,X,,,Benjamin Walmsly,
Cobb,Lewis,,M,,M,,,1856,Richmond,Henrico,VA,,X,,,Samuel Myers,
Colburn,Jeremiah,William Cooper,M,,M,,,1857,Charleston,Charleston,SC,,,,,Mrs. E. Williamson,
Cole,,,F,,,23,Mar,1856,,,,,,,,,
Cole,Bill,,M,37,B,5,Sept,1857,,Howard,MD,,,,,W. Baker & Hammond Dorsey,200 in state/300 out
Collins,Mary Ellen,,F,20,B,,,1857,Cambridge,Dorchester,MD,,,,,Abrahm Wilson,
Collins,Nathaniel,,M,25,B,,,1857,Cambridge,Dorchester,MD,,,,,Josiah Wilson,
Collins,Theophilus,,M,24,B,,,1858,Lewes,Sussex,DE,,,,,Shepherd P. Houston,
Combash,John Wesley,,M,32,B,11,Apr,1858,,,MD,,,,,Mr. Johnson,
Congo,Charles,,M,28,B,,,,,,MD,,,,,David Stewart,1200 in state
Congo,Margaret,,F,28,B,,,,,,MD,,,,,David Stewart,500 in state
Conner,,,F,,,,,1859,Laurel,Sussex,DE,,,,,Kendall Major Llewis,
Conner,,,,,,,,1859,Laurel,Sussex,DE,X,,,,Kendall Major Llewis,
Conner,Charles,,M,27,,,,1857,,Sussex,DE,,,,,John Chipman,
Conner,Dennis B.,,M,,,,,1859,Laurel,Sussex,DE,,,,,Kendall Major Llewis,
Conner,James,,M,43,,27,Jul,1857,New Orleans,Orleans,LA,,,,,Charles Parlange,100
Conner,Major Lewis,,M,,,,,1859,Laurel,Sussex,DE,,,,,Kendall Major Llewis,
Conner,Peter,,M,,,,,1859,Laurel,Sussex,DE,,,,,Kendall Major Llewis,
Conner,William J.,,M,,,,,1859,Laurel,Sussex,DE,,,,,Kendall Major Llewis,
Cooper,Charles Henry,,M,22,,4,Aug,1856,Middletown,New Castle,DE,,,,,Catherine Medine,
Cooper,Mary,,F,20,B,,,1857,,,DE,,,,,Nathaniel Herne,
Cooper,Thomas,,M,,,,Jul,1856,Portsmouth,Norfolk,VA,,,,,,
Cope,William Thomas,,M,24,M,,Jan,1858,Lewes,Sussex,DE,,,,,Shepherd P. Houston,
Cornish,,,,,,24,Oct,1857,Cambridge,Dorchester,MD,X,,,,Reuben E. Phillips,
Cornish,Aaron,,M,38,B,24,Oct,1857,Cambridge,Dorchester,MD,,,,,Rev. Levi D. Traverse,200 in state/300 out
Cornish,Daffney,,F,,,24,Oct,1857,Cambridge,Dorchester,MD,,,,,Reuben E. Phillips,200 in state/300 out
Cornish,Delia,,F,,,11,Dec,1855,Eastern Shore,,MD,,,,,,
Cornish,Edward J.,,M,,,24,Oct,1857,Cambridge,Dorchester,MD,X,,,,Reuben E. Phillips,
Cornish,George A.,,M,,,24,Oct,1857,Cambridge,Dorchester,MD,X,,,,Reuben E. Phillips,
Cornish,Henrietta,,F,,,11,Dec,1855,Eastern Shore,,MD,,,,,,
Cornish,Joseph,,M,40,B,25,Dec,1855,,Dorchester,MD,,,,,Capt. Samuel Lecount,
Cornish,Joseph,,M,,,24,Oct,1857,Cambridge,Dorchester,MD,X,,,,Reuben E. Phillips,
Cornish,Perry L.,,M,,,24,Oct,1857,Cambridge,Dorchester,MD,X,,,,Reuben E. Phillips,
Cornish,Solomon,,M,,,24,Oct,1857,Cambridge,Dorchester,MD,X,,,Foot,Reuben E. Phillips,
Cornish,William,,M,,,5,Sept,1856,Cambridge,Dorchester,MD,,,,,William B. Dale,
Cotton,Henry,,M,24,,,,1860,Newton,Somerset,MD,,,,,Nathaniel Dixon,
Cromwell,Henry,,M,25,B,,Jun,1855,Baltimore,Baltimore,MD,,,,,William Roberts,
Crummel,Henry,,M,25,,18,Jul,1855,Goughingstown,Baltimore,MD,,,,,William Roberts,
Crummel,James,,M,,,1,Jun,1855,Ladies Manor,Haverford,MD,,,,,William Hutchins,
Curtis,Mary,,F,19,B,10,Dec,1855,Baltimore,Baltimore,MD,,,,,,
Dade,Henry,,M,25,,,,1857,Washington,Washington,DC,,,,,,
Dade,Jack,,M,22,B,,,1857,Washington,Washington,VA,,,,,Benjamin R. Chambers,
Dade,John,,M,20,,,,1857,Washington,Washington,DC,,X,,,,
Dade,Mary Ann,,F,,,,,1857,Washington,Washington,VA,,,,,Elias Rhoads,
Dalton,Charles,William Robinson,M,22,,28,Sept,1854,Cambridge,Dorchester,MD,,,,,Mrs. Mary Hurley,
Dauphus,Etna Elizabeth,,F,20,B,,,1858,,Queen Annes,MD,,,,,Joshua Duvall,
David,Cole,,M,,,23,Mar,1856,,,,,,,Schooner,,
Davis,Clarissa,Mary D. Armstead,F,20,B,22,May,1854,Portsmouth,Norfolk,VA,,X,,Steamer,Mrs. Brown & Mrs. Burkley,1000
Davis,Daniel,David Smith,M,20,B,12,Apr,1854,Hedgesville,Berkeley,VA,,,,Foot,Hon. Charles J. Fortner,
Davis,Edward,,M,,,12,Mar,1854,Savannah,Chatham,GA,,,,Steamship,,
Davis,Enoch,,M,,,,,1859,Baltimore,Baltimore,MD,,,,,James Armstrong,
Davis,Gordon,John Canon,M,31,,2,Nov,1854,Cedar Neck,Charles,MD,,,,,William Watson,
Davis,Isaac D.,,M,,,1,Feb,1855,,,MD,,,,,Jesse Clark,
Davis,Jane,,F,60-70,,,,1857,Eastern Shore,,MD,,,,Foot,Roger McZant,
Davis,John,Adams,M,,,14,Sept,1854,Baltimore,Baltimore,MD,,,,,,
Davis,Samuel,,M,30,B,14,May,1856,Norfolk,Norfolk,VA,,,,,James Hurst,
Davis,Samuel,Benjamin Johnson,M,35,,21,Nov,1854,Fairfax,Fairfax,VA,,,,,John Reed,
Davis,Singleton,William Snowden,M,38,,4,May,1853,Columbia,,,,,,,Augustus Riggs,
Davis,William,,M,31,M,13,Dec,1853,Portsmouth,Norfolk,VA,,,,,Joseph Reynolds,
Davis,William,,M,32,B,29,Mar,1854,Emmitsburg,Frederick,MD,,,,,Dr. James Shoul,
Delaney,James Henry,,M,26,,25,May,1854,Seaford,Sussex,DE,,,,,Captain Martin,
Derrickson,Peter,,M,24,,1,Jan,1855,Berlin,Worcester,MD,,,,,John Derrickson,
Derrix,,,F,,,,,1857,Alexandria,Fairfax,VA,,,,,,
Derrix,Townsend,,M,,,,,1857,Alexandria,Fairfax,VA,,,,,Gallipappick,
Dickerson,Benjamin,,M,28,,25,Mar,1856,Eatontown,Chowan,NC,,,,,Miss Anna Blunt,
Dickson,John,,M,30,,7,Oct,1854,Dawson,Allegany,MD,,,,,Richard Kaigh,
Diggs,David,,M,37,B,,,1857,Rockville,Montgomery,MD,,,,,Dr. Josiah Harding,
Dixon,Thomas Edward,,M,18,B,,,1859,The Trap,,DE,,,,,Thomas W.M. McCracken,
Dobson,Henrietta,,F,,,17,Oct,1857,Cambridge,Dorchester,MD,,,,Foot,,
Dorsey,Anna,,F,22,M,4,Aug,1856,,Howard,MD,,,,,Eli Molesworth,
Dorsey,George,,M,,M,3,Jun,1856,Hagerstown,Washington,MD,,,X,,George Shaffer,
Dorsey,Luther,,M,19,B,,,,Sairsville Mills,Frederick,MD,,,,,Edward Schriner,
Dorsey,Maria,,F,40,B,,Sept,1856,Washington,,DC,,,,,George Parker,200
Dotson,Isaac,,M,19,M,20,Sept,1856,Mount Airy,Carroll,MD,,,,,Thomas B. Owings,500
Douglass,Thomas,,M,25,B,,,,,,MD,,,,,Mary Howard,
Dowling,Carter,,M,,,,,1858,Alexandria,Fairfax,VA,,,X,,Miss Maria Fitzhugh,
Ducket,Benjamin,,M,23,B,,,1856,Bell Mountain,Prince Georges,MD,,,,,Sicke Perry,
Dulton,Charles,William Robinson,M,22,,28,Sept,1856,,,MD,,,,,Mrs. Mary Hurley,
Dunagan,Sarah,Anna Elizabeth Kingslow,F,18,M,30,Jan,1855,Wilmington,New Castle,DE,,,,,George Churchman,
Duncans,Benjamin,Geroge Scott,M,25,B,27,Apr,1854,,,,,,,,Thomas Jeffries,
Dungy,John William,,M,27,B,,Feb,1860,Richmond,Henrico,VA,,,,,Governor Gregory,
Dunmore,Henry,,M,35,B,,,1860,Elkton,Cecil,MD,,,,,John Maldon,
Dutton,Marshall,,M,,,24,Oct,1857,Cambridge,Dorchester,MD,,,,,,
Eden,Richard,,M,25,,,,,Wilmington,New Castle,NC,,,,,Mrs. Mary Loren,
Edmonds,David,,M,30,,15,Jan,1855,Petersburg,Dinwiddle,VA,,,,,John J. Slater,
Edwards,Alfred,,M,22,B,,,1859,Tapps' Neck,,VA,,,,,John Bryant,
Edwards,David,,M,24,B,,,1860,Patapsco River,Howard,MD,,,,,Joseph Bryant,
Edwards,David,,M,30,B,,Jan,1855,Petersburg,Dinwiddle,MD,,,,,John Slater,
Edwards,William,,M,22,,31,Oct,1855,Alexandria,Fairfax,VA,,,,,,
Eglin,Harriet,,F,29,,31,May,1856,Baltimore,Baltimore,MD,,X,,,John Delahay,
Elliot,Thomas,,M,23,B,,Mar,1857,Bucktown,Dorchester,MD,,,,,Richard Meredith,
Ellis,Joe,,M,23,B,,,1857,Cabin Point,Surrey,VA,,,,,Bolling Ellis,
Ellis,Mary,Mary Jones,F,,,6,Oct,1853,,,NC,,,,,,
Ellis,William,John Jones,M,,,6,Oct,1853,,,NC,,,,,,
Emerson,Robert,,M,19,M,24,Oct,1857,Portsmouth,Norfolk,VA,,X,,,William H. Wilson,
Emory,Robert,William Kemp,M,,,1,Jun,1855,,Talbot,MD,,,,,Edward Lloyd,
Ennells,Noah,,M,19,B,24,Oct,1857,Cambridge,Dorchester,MD,,,,,Black Head Bill LeCount,
Ennets,,,,3 mos,,,,1860,,Dorchester,MD,X,,,,Alginer Pearcy,
Ennets,Amanda,,F,4,,,,1860,,Dorchester,MD,X,,,,Alginer Pearcy,
Ennets,Harriet,,F,6,,,,1860,,Dorchester,MD,X,,,,Alginer Pearcy,
Ennets,Maria,,F,,,,,1860,,Dorchester,MD,,,,,Alginer Pearcy,
Ennets,Stephen,,M,,,,,1860,,Dorchester,MD,,,,,John Kaiger,
Ennis,Ephraim,,M,,,,,1858,,Kent,MD,,,,,Michael Newbold,
Ennis,Louisa Caroline,Louisa Hemmin,F,3,,10,Mar,1854,Georgetown,Sussex,DE,X,,,,John Ennis,
Ennis,Lydia Ann,Lydia Ann Hemmin,F,7,,10,Mar,1854,Georgetown,Sussex,DE,X,,,,John Ennis,
Ennis,Mary,Licia Hemmin,F,33,,10,Mar,1854,Georgetown,Sussex,DE,,,,,John Ennis,
Epps,Mary,Emma Brown,F,45,B,1,Mar,1855,Petersburg,Dinwiddle,VA,,X,,,Mrs. Littleton Reeves,
Fall,Samuel,John Henry,M,21,B,,Jan,1856,,,MD,,,,Foot,William Rybold,
Fidget,Isaac,,M,30,B,17,Nov,1855,Berlin,Worcester,MD,,,,,Henry Fidget,
Fields,Henry,,M,18,M,,,,Port Deposit,,,,,,,Washington Glasby,
Fineer,Abe,,M,23,B,14,May,1856,Norfolk,Norfolk,VA,,,,,George Spencer,
Fisher,Jonathan,,M,19,,,Jan,1856,,,MD,,,,,A. Rybold,
Fisher,Robert,,M,30,B,28,Dec,1854,,Anne Arundel,MD,,,,,John Edward Jackson,
Fletcher,Benjamin R.,,M,27,B,,Sept,1856,Washington,,DC,,,,Foot,Henry Martin,
Ford,Sheridan,,M,28,,29,Jan,1855,Portsmouth,Norfolk,VA,,,,Steamer,Miss Elizabeth Brown,
Forman,Ellen,Elizabeth Young,F,30,B,16,May,1854,Baltimore,Baltimore,MD,,,,,Mrs. Johnson,
Forman,Isaac,,M,23,M,,Dec,1853,Norfolk,Norfolk,VA,,X,,Steamer,Mrs. Sanders,
Forman,Isaac,,M,50,B,4,Jul,1856,Norfolk,Norfolk,VA,,,,Schooner,George Brown,
Forman,James H.,,M,23,M,,un,1855,Norfolk,Norfolk,VA,,X,,,"James Saunders, Esq.",
Foster,Emily,Ann Wood,F,22,,24,Dec,1855,Alder,Loudon,VA,,,X,Horse & Carriage,Townsend McVee,
Foster,Henry,,M,,,27,Jul,1853,Richmond,Henrico,VA,,,,,,
Foster,James,,M,,,20,Nov,1855,Norfolk,Norfolk,VA,,,,Schooner,,
Foster,Turner,,M,21,,,,1859,Richmond,Henrico,VA,,,,,"A.A. Mosen, Esq.",
Fowler,Arthur,Benjamin Johnson,M,30,B,29,Dec,1854,Spring Hill,Charles,MD,,,,,Edward Fowler,
Francis,Elizabeth,Ellen Saunders,F,22,M,,Oct,1854,Norfolk,Norfolk,VA,,X,,,Sarah Shepperd,
Francis,Lewis,Lewis Johnson,M,27,,30,Dec,1855,Abingdon,Harford,MD,,,,,Mrs. Delinas,
Freeland,George W.,,M,25,B,5,Jun,1854,Petersburg,Dinwiddle,VA,,X,,Steamer,Capt. John Pollard,
Freeman,Mary Jane,,F,,,1,Oct,1855,,,MD,,,,,,
Freeman,Thomas,,M,,,20,Nov,1855,Norfolk,Norfolk,VA,,,,Schooner,,
Freeman,William Thomas,Ezekiel Chambers,M,16,B,2,Dec,1855,Chestertown,Kent,MD,X,,,Railroad,John Dwa,
Frisley,James Alfred,,M,24,B,,,,,,,,,,Foot,,
Fuller,Cornelius,,M,,,,,1859,,Kent,MD,,,,,Diden,
Fuller,Harriet,,F,,,,,1859,Chestertown,Kent,MD,,,,,Judge Chambers,
Galloway,Abram,,M,21,M,,,,Wilmington,New Hanover,NC,,,,Schooner,Milton Hawkins,
Gardener,Nathaniel,,M,,,20,Nov,1855,Norfolk,Norfolk,VA,,,,Schooner,,
Gardener,Priscilla,,F,30,B,,,1858,Richmond,Henrico,VA,,,,,Benjamin Hilliard,
Garrett,Lucy,Julia Wood,F,19,,12,May,1854,Western Shore,,VA,,,,,John Williams,
Garrison,Thomas,,M,9,,20,July,1853,Wilmington,New Castle,DE,X,,,,,
Garrison,William H.,,M,,,20,July,1853,Wilmington,New Castle,DE,,,,,,
Gaskins,Madison,,M,,,,,,Middleburg,Louden,VA,,,,,William Burns,300
Gassway,Caroline,,F,27,B,,,1859,Mount Airy,Carroll,MD,,,,,Summersett Walters,
Gault,Phyllis,,F,30,M,20,Nov,1855,Norfolk,Norfolk,VA,,,,Schooner,,
Gibbs,,,M,,,31,Mar,1853,Greensbury,,MD,X,,,,,
Gibbs,,,M,,,31,Mar,1853,Greensbury,,MD,X,,,,,
Gibbs,James,,M,,,31,Mar,1853,Greensbury,,MD,,,,,,
Gibson,John Wesley,,M,28,M,22,Nov,1854,Taylor's Mount,,MD,,,,Foot,William Y. Day,
Gilbert,Charles,,M,,M,11,Nov,1854,Richmond,Henrico,VA,,,,Steamer,Benjamin Davis,
Giles,Charlotte,,F,23,,31,May,1856,Baltimore,Baltimore,MD,,,,Railroad,Capt. William Applegarth,
Giles,Lewis,,M,,,2,Jun,1855,Richmond,Henrico,VA,,,,,Mr. Lewis Hill,
Gilliam,William H.,,M,20,B,26,Feb,1854,Richmond,Henrico,VA,,X,,Steamer,Mrs. T.E. White,
Goins,Luke,,M,,,,,1860,Harpers Ferry,,VA,,,,,Mrs. Carroll,
Good,Beverley,,M,24,,18,Jan,1855,Petersburg,Dinwiddle,VA,,,,Steamer,Richard Perry,
Gooseberry,George W.,Isaac Stout,M,23,,19,Jan,1856,,New Castle,DE,,,,,Anthony Ryebold,
Gooseberry,Thomas Jervis,Ezekiel Chambers,M,17,B,2,Dec,1855,Chestertown,Kent,MD,X,,,Railroad,Sarah Maria Perkins,
Gorham,Henry,,M,34,B,,Nov,1856,,,NC,,,,Schooner,,
Goulden,Alfred,,M,23,B,,,,,,,,,,Foot,Fletcher Jackson,
Govan,William,,M,33,B,,Aug,1855,Petersburg,Dinwiddle,VA,,,,Schooner,"Mark Davis, Esq.",
Graff,Evan,,M,25,B,,,1860,,Frederick,MD,,,,,Henry Heart,
Graham,George,Henry Washington,M,24,B,16,Jan,1856,Alexandria,Fairfax,VA,,,,Foot,Widow Beverly,
Graham,Jane,Eliza Washington,F,24,,16,Jan,1856,Alexandria,Fairfax,VA,,,,Foot,,
Graham,Montgomery,,M,,M,13,,1857,Alexandria,Fairfax,VA,,,,,Elizabeth Gordon,100 in state/200 out
Grant,Joseph,,M,27,B,22,Feb,1857,Eastern Shore,,MD,,,,Foot & Boat,Mary Gibson & others,
Grantham,Nancy,,F,19,M,,,1858,Richmond,Henrico,VA,,,,Boat,Dr. Christian,
Graves,Caroline,Julia Little,F,40,,16,Jan,1856,,,MD,,X,,,,
Gray,Henry,,M,12,M,4,Jul,1856,Portsmouth,Norfolk,VA,X,,,Schooner,,
Gray,Mary,,F,14,M,4,Jul,1856,Portsmouth,Norfolk,VA,X,,,Schooner,,
Gray,Sophia,,F,33,M,4,Jul,1856,Portsmouth,Norfolk,VA,,,,Schooner,,
Green,Anna Maria,,F,37,,,,1857,Baltimore,Baltimore,MD,,,,,James Pipper,
Green,Christopher,,M,,B,,,1857,Baltimore,Baltimore,MD,,,,,Clayton Wright,
Green,David,George Taylor,M,,,28,Jul,1856,Leesburg,Loudon,VA,,,,,Elliott Curlett,
Green,George,,M,23,B,29,Jun,1855,Baltimore,Baltimore,MD,,,,,George Chambers,
Green,Lear,,F,18,B,27,,,Baltimore,Baltimore,MD,,,,Chest,James Noble,50 in state/150 out
Green,Murdoch,,M,,,20,Sept,1856,Mount Airy,Carroll,MD,,,,,William Dorsey,
Green,Nathaniel,,M,20,,,,1857,Baltimore,Baltimore,MD,,,,,James Pipper,
Green,Richard,William Smith,M,25,B,29,Jun,1855,Baltimore,Baltimore,MD,,,,,George Chambers,
Green,Samuel,Wesley Kinnard,M,25,,28,Aug,1854,Indian Creek,Chester,MD,,X,,,Dr. James Muse,
Green,Samuel,,M,,,11,Dec,1855,,,,,,,,,
Green,Zebulon,Samuel Hill,M,18,B,18,Apr,1856,Duck Creek,Baltimore,MD,,,,,John Appleton,
Grey,John Boice,,M,19,B,,Jan,1858,Lewes,Sussex,DE,,,,Skiff,Daivd Henry Houston,
Griffen,William,,M,34,,24,Oct,1857,Cambridge,Dorchester,MD,,,X,,"James Waters, Esq.",
Griffin,James,Thomas Brown,M,31,B,20,Dec,1855,Baltimore,Baltimore,MD,,,,,Joshua Hitch,
Grigby,Barnaby,John Boyer,M,26,M,24,Dec,1855,Alder,Loudon,VA,,,X,Horse & Carriage,William Rogers,
Grigby,Mary Elizabeth,Elizabeth Boyer,F,24,B,24,Dec,1855,Alder,Loudon,VA,,,X,Horse & Carriage,Townsend McVee,
Grimes,Harry,,M,46,,7,Nov,1857,,,,,,,,Jesse Moore,
Grinage,John,,M,20,B,,,1859,Middle Neck,Cecil,MD,,,,,William Flintham,
Gross,Albert,,M,20,,,,1859,,Cecil,MD,,,,,William Price,
Gross,Charles Henry,,M,,,,,1859,Baltimore,Baltimore,MD,,,,,Henry Slaughter,
Gross,Peter,,M,39,B,10,Sept,1858,,Culbert,MD,,,,,Joseph Griffiss,
Gross,Samuel,,M,40,,10,Sept,1858,George Island,Port Republic,MD,,,,,Joseph Griffiss,
Hackett,Lloyd,Perry Watkins,M,55,M,1,Jan,1855,,,MD,,,,Foot,John Griffin,
Haines,Edward,,M,44,B,7,Sept,1857,,,VA,,X,,,Tabby & Eliza Fortlock,
Haines,Francis,,M,,,20,Nov,1855,Norfolk,Norfolk,VA,,,,Schooner,,
Haines,Joseph,,M,20,M,7,Sept,1857,,,VA,,,,,Tabby & Eliza Fortlock,
Haley,Elizabeth,Sarah Richardson,F,21,,26,Apr,1854,Havre de Grace,Harford,MD,,,,,George C. Davis,
Haley,Harriet,Ann Richardson,F,19,,26,Apr,1854,Havre de Grace,Harford,MD,,,,,George C. Davis,
Hall,,,M,,,8,Dec,1855,Ladies Manor,Haverford,MD,,,,Horseback,Sarah Ann McGough,
Hall,Charles,,M,,,8,Apr,1856,Baltimore,Baltimore,MD,,,,,Atwood Blunt,
Hall,Charles,,M,,,,,1859,,,DE,,,,,"James Rogers, Sr.",
Hall,Edward,,M,20,,,,1859,,,DE,,,,,Booth,
Hall,Henrietta,,F,,,8,Dec,1855,Ladies Manor,Haverford,MD,X,,,Horseback,Sarah Ann McGough,
Hall,Jacob,Henry Thomas,M,20,,8,Dec,1855,Ladies Manor,Haverford,MD,,,,Horseback,Major William Hutchins,
Hall,John,,M,,,,,1859,,,DE,,,,,James B. Rodgers,
Hall,John,,M,31,M,27,Apr,1855,Richmond,Henrico,VA,,X,,Schooner,James Dunlap,
Hall,John,John Simpson,M,32,,12,July,1854,Charleston,Charleston,SC,,,,Foot & Boat,Dr. Philip Mazyk,
"Hall, Jr.",Joseph,,M,,,,Jan,1855,Norfolk,Norfolk,VA,,,,,,
Hall,Rebecca,,F,17,,4,Aug,1855,Baltimore,Baltimore,MD,X,,,,Lawyer Magill,
Hall,Romulus,George Weems,M,,,,Mar,1857,Benedict,Charles,MD,,,,Foot,John Henry Southern,
Hamlet,Mark,Thomas Goff,M,,,27,Oct,1853,Retirement,,MD,,,,,,
Handay,Joshua John,Hamilton Hamby,M,27,,28,Sept,1856,Eastern Shore,,MD,,,,,Isaac Harris,
Handy,James Edward,Daniel Canon,M,26,,25,May,1854,Seaford,Sussex,DE,,,,,Samuel Lewis,
Harding,Louisa,Rebecca Hall,F,17,M,1,Aug,1855,Baltimore,Baltimore,MD,X,,,,"McGill, Esq.",
Harper,Ruth,,F,,,,,1858,Frederick,Frederick,MD,,,,,John McPherson,
Harper,Thomas,,M,,,,,1857,Alexandria,Fairfax,VA,,,,,John Cowling,
Harris,Abram,,M,18,,,Mar,1857,Benedict,Charles,MD,,X,,Foot,John Henry Southern,
Harris,Benjamin F.,Benjamin Franklin,M,30,,24,Aug,1854,Baltimore,Baltimore,MD,,,,,Richard Farmer,
Harris,Charlotte,,F,,,20,Jul,1853,Wilmington,New Castle,DE,,,,,,
Harris,Darius,,M,21,,,,1858,Dunwoody,Dinwiddle,VA,,,,Foot,Thomas H. Hamlin,
Harris,Franklin,,M,6,,24,Aug,1854,Baltimore,Baltimore,MD,X,,,,Richard Farmer,
Harris,James,,M,,M,,Nov,1856,Middletown,New Castle,DE,,,,,Catharine Odine,
Harris,Joseph,,M,23,,,Jun,1855,Plymouth,,NC,,,,,David Morris,
Harris,Nathan,,M,21,,28,Dec,1854,,Anne Arundel,MD,,,,,John Edward Jackson,
Harris,Nelson,Charles Wilson,M,27,,25,Oct,1853,Richmond,Henrico,VA,,,,,William B. Beale,
Harris,Thomas,,M,27,,7,Sept,1857,,,VA,,,,,"John Hatten, Esq.",
Harris,Wesley,Robert Jackson,M,22,B,2,Nov,1853,Martinsburg,Henry,VA,,,X,Foot & Carriage,Phillip Pendelton,
Heath,Charles,,M,25,B,4,July,1859,,,MD,,,,,Aquila Cain,
Heines,Peter,,M,21,M,,July,1856,Eatontown,Chowan,NC,,,,Schooner,"Elias Heines, Esq.",
Henderson,Eliza,,F,28,B,,,1858,Richmond,Henrico,VA,,,,,William Waverton,
Henry,James,,M,32,,,,1857,,Kent,,,,,,,
Henry,John,Samuel Full (?),M,21,,30,Jan,1856,Sassafras Neck,Cecil,MD,,,,,Anthony Ryebold,
Henry,Joseph,,M,17,,,,1860,,Queen Annes,MD,X,,,,Greenberry Parker,
Henry,Thomas,,M,26,B,,,1857,Cambridge,Dorchester,MD,,,,Foot,Josian Wilson,
Henson,James,David Caldwell,M,32,,,Aug,1855,Elkton,Cecil,MD,,,,,Jacob Johnson,
Henson,James,,M,,,,,1860,Baltimore,Baltimore,MD,,,,,Mrs. Maria Thomas,
Hickman,Charles,Charles Robinson,M,,,7,Aug,1855,Indian River,Sussex,DE,,,,,Charles Henry Hickman,
Hill,,,F,,,24,Oct,1857,Cambridge,Dorchester,MD,,,,Foot,,
Hill,Alice,,F,,M,24,Oct,1857,Cambridge,Dorchester,MD,,,,Foot,,
Hill,George,,M,24,B,,,1857,Arlington,Baltimore,MD,,,,,Dr. Savington,
Hill,Henry,,M,,,24,Oct,1857,Cambridge,Dorchester,MD,X,,,Foot,,
Hill,Hezekiah,,M,30,,1,Dec,1856,Petersburg,Dinwiddle,VA,,,,Steamer,,
Hill,James,,M,21,,,,1861,Richmond,Henrico,VA,,,,Steamer,,
Hill,Joe,,M,,B,24,Oct,1857,Cambridge,Dorchester,MD,,,X,Foot,,1000 in state/2000 out
Hill,John Henry,,M,25,B,1,Jan,1853,Richmond,Henrico,VA,,X,,Steamer,James Mitchell,
Hill,Joseph Henry,,M,28,,,,1859,Richmond,Henrico,VA,,,,,"James Thomas, Jr.",
Hill,Simon,,M,25,B,29,Aug,1855,,,VA,,,,,,
Hilliard,Frances,,M,29,M,30,Aug,1855,Richmond,Henrico,VA,,X,,Steamer,Beverly Blair,
Hillis,John,,M,,,,,1859,New Market,Dorchester,MD,,,,Schooner,Mrs. Louisa Lecount,
Hilton,Elijah,,M,27,,14,Jul,1857,,Chesterfield,VA,,X,,Foot,Major Edward Johnson,500
Hines,Peter,,M,21,,21,Jul,1856,Eatontown,Chowan,NC,,,,Schooner,Elias Hines,
Hinson,James,David Coldwell,M,32,,15,Aug,1855,,Cecil,MD,,,,,Jacob Johnson,
Hipkins,Wiliam Henry,,M,23,M,,,1857,Arlington,Baltimore,MD,,,,,Ephraim Swart,
Hitchens,C.,,M,22,,,,1857,Milford,Sussex,DE,,,,Foot,William Hill,
Hodges,Henry,,M,23,,,Jun,1855,Plymouth,Washington,NC,,,,,Samuel Simmons,
Hodges,Henry,,M,25,,1,Aug,1855,Norfolk,Norfolk,VA,,,,,,
Hogg,William,John Smith,M,25,,26,Apr,1854,Baltimore,Baltimore,MD,,,,Foot,Lewis Roberts,
Holden,Levin,,M,,,,,1859,Laurel,Sussex,DE,,,,,Jonathan Bailey,
Holladay,Charles,,M,28,,31,Aug,1855,Baltimore,Baltimore,MD,,,,,F. Smith,
Hollis,Charles Henry,,M,20,B,,,,Sandy Hook,Harford,MD,,,,Foot,John Webster,
Hollon,Alfred,,M,28,B,,,1857,Baltimore,Baltimore,MD,,,,,Elijah J. Johnson,
Homer,Alfred,,M,22,,16,Jun,1856,Rockville,Montgomery,MD,,,,,John W. Anderson,50 in state/100 out
Hooper,Henry,,M,19,,6,Dec,1855,,,MD,,,,,,
Hooper,Miles,,M,23,,,Aug,1855,Federal Mills,,NC,,,,,George Montigue,
Hopkins,Sidney,,M,,,,,1859,Havre de Grace,Harford,MD,,,,,Jacob Hoag,
Houston,George,Charles Robinson,M,,,7,Aug,1855,Indian River,Sussex,DE,,,,,Isaac Houston,
Houston,Maria Jane,,F,21,B,,Aug,1855,Cantwell's Bridge,New Castle,DE,,,,,,
Howard,Henry,,M,27,,1,Jun,1855,Ladies Manor,Haverford,MD,,,,,Phillip Garrison,
Hubert,Alfred,,M,28,B,,,1857,,,VA,,,,Foot,Matilda Niles,
Hudson,Ephraim,John Spy,M,22,,28,Sept,1856,Cambridge,Dorchester,MD,,,,,John Campbell Henry,
Huges,Daniel,,M,,B,,Mar,1857,Bucktown,Dorchester,MD,,,,Foot,Richard Meredith,
Huges,William,,M,22,,29,Dec,1856,Eastern Shore,,MD,,,,,Daniel Cox,
Hunt,Orlando J.,,M,29,B,,,1858,Richmond,Henrico,VA,,,,,High Holser,
Irwin,Asbury,,M,40,B,,,1858,,Kent,MD,,,,,Michael Newbold,
Jackson,,,F,,,,,1858,Georgetown,,DC,X,,,,Mrs. Margaret Dick,
Jackson,Andrew,Henry Johnson,M,23,,29,Dec,1856,Cecil,Cecil,DE,,,,,Thomas Palmer,
Jackson,Anna Maria,,F,40,B,,Nov,1858,Milford,Sussex,DE,,,,,Joseph Brown,
Jackson,Ebenezer T.,,M,,,,Nov,1858,Milford,Sussex,DE,X,,,,Joseph Brown,
Jackson,Frances,,F,,,,Nov,1858,Milford,Sussex,DE,X,,,,Joseph Brown,
Jackson,General Andrew,,M,27,B,,,1857,Lewistown,Sussex,DE,,,,,Shepherd Houston,
Jackson,James Henry,,M,17,,10,Sept,1858,Frederica,Kent,DE,X,,,,Joseph Brown,200 in state/100 out
Jackson,John E.,,M,,,,Nov,1858,Milford,Sussex,DE,X,,,,Joseph Brown,
Jackson,Mary Ann,,F,,,,Nov,1858,Milford,Sussex,DE,X,,,,Joseph Brown,
Jackson,Peter,Staunch Tilghman,M,,,29,Dec,1854,Bucktown,Dorchester,MD,,,,,George Wenthrop,
Jackson,Rebecca,,F,37,M,,,1858,Georgetown,,DC,,,,,Mrs. Margaret Dick,
Jackson,Robert,,M,,,,,1858,,,DE,,,,,Mrs. Mary Hickman,
Jackson,Wilhelmina,,F,,,,Nov,1858,Milford,Sussex,DE,X,,,,Joseph Brown,
Jackson,William,,M,50,,,,1857,Alexandria,Fairfax,VA,,,,,Daniel Minne,
Jackson,William Albert,,M,,,,Nov,1858,Milford,Sussex,DE,X,,,,Joseph Brown,
Jackson,William Henry,,M,,,,Nov,1858,Milford,Sussex,DE,X,,,,Joseph Brown,
Janney,John,,M,22,,10,Sept,1858,,Culbert,MD,,,,,Joseph Griffiss,200 in state/100 out
Jasper,Elias,,M,32,B,22,Jun,1855,Norfolk,Norfolk,VA,,,,Schooner,Bayham,
Jeffries,Mary,,F,,,29,Jan,1856,,,,,,,,,
Jenkins,,,,35,,13,Mar,1855,Norfolk,Norfolk,VA,,,,,,
Johns,Lydia Ann,,F,22,B,,,1858,,Kent,MD,,,,,Michael Newbold,
Johns,Robert,,M,,B,,,1858,,Cecil,MD,,,,,William Casey,
Johns,Sue Ann,,F,23,B,,,1858,,Cecil,MD,,,,,Susan Flinthrew,
Johnson,,,M,7,,,Jul,1855,,,NC,X,,,Carriage,Col. John H. Wheeler,
Johnson,,,M,11,,,Jul,1855,,,NC,X,,,Carriage,Col. John H. Wheeler,
Johnson,Anna,,F,24,B,,,1857,Cambridge,Dorchester,MD,,,,Foot,Samuel Harrington,
Johnson,Cornelius Henry,,M,26,B,,,1859,Richmond,Henrico,VA,,,,,Mars. Mary F. Price,
Johnson,David,,M,,,20,Nov,1855,Norfolk,Norfolk,VA,,,,Schooner,,
Johnson,Eliza Jane,,F,23,B,,,1857,Georgetown,Sussex,DE,,,,,Sally Siser,
Johnson,George,,M,25,B,22,Aug,1857,Washington,Washington,DC,,,,,Miss Eleanor J. Conway,100 in state/300 out
Johnson,Harriet,Harriet Gilbert,F,25,,28,Jul,1856,,Prince Georges,MD,,,,,William T. Wood,
Johnson,Helen,,F,,,2,Sept,1853,,,,,,,,,
Johnson,Henry,,M,19,B,4,Jun,1857,Abingdon,Harford,MD,,,,,Mrs. Elizabeth Brown,500
Johnson,James,William Gilbert,M,35,,28,Jul,1856,,Prince Georges,MD,,,,,Thomas Wallace,
Johnson,James,,M,,,9,Apr,1856,Deer Creek,Harford,MD,,,,,William Raulty,
Johnson,Jane,,F,,B,,Jul,1855,,,NC,,,,Carriage,Col. John H. Wheeler,
Johnson,John,,M,27,M,,,1857,Washington,Washington,DC,,,,,Willam Stone,
Johnson,Joseph G.,,M,23,B,,,1860,Baltimore,Baltimore,MD,,,,,William Jones,
Johnson,Nelson,Jackson Hall,M,25,,17,Jul,1854,Deer Creek,Harford,MD,,,,,Isaac Stansberry,
Johnson,Perry,,M,28,,21,Nov,1853,Elkton,Cecil,MD,,,,,Charles Johnson,
Johnson,Roseanna,Catherine Brice,F,,B,11,Jan,1857,Deer Creek,Harford,MD,,X,,,Dr. Abraham Street,
Johnson,Samuel W.,,M,27,,6,Mar,1854,Richmond,Henrico,VA,,X,,Steamer,James B. Fsoter,
Johnson,Sarah,,F,,,19,Jun,1854,Norfolk,Norfolk,VA,,,,,,
Johnson,Talbot,,M,35,B,10,Sept,1858,,,MD,,,,,Duke Bond,200 in State/100 out
Johnson,William,,M,,,29,Jul,1855,,Dorchester,MD,,,,,Samuel Harrington,
Johnson,William,,M,19,B,,,1859,Gun Powder Neck,Baltimore,MD,,,,,John Bosley,
Johnson,Wililam H.,John Wesley,M,24,M,1,Jan,1855,,,MD,,,,Foot,John Hall,
Joiner,Maria,,F,33,M,23,Jun,1855,Norfolk,Norfolk,VA,,,,Schooner,Catharine Gordon,
Jones,Alice,,F,,,20,Nov,1855,Norfolk,Norfolk,VA,,,,Schooner,,
Jones,Arthur,,M,41,B,,Jun,1855,Norfolk,Norfolk,VA,,,,,John Jones,
Jones,Catharine,,F,24,B,,,1858,,Queen Annes,MD,,,,,Joshua Duvall,
Jones,Eliza,,F,40,B,2,Aug,1855,Petersburg,Dinwiddle,VA,,,,,Eliza H. Riche,
Jones,Fenton,,M,,,10,Dec,1855,Frederick,Frederick,MD,,,,,,
Jones,Henry,,M,19,,12,Nov,1855,,,MD,,,,,,
Jones,Henry,,M,41,B,,,1859,Richmond,Henrico,VA,,,,,Elizabeth Mann,
Jones,Hill,,M,19,B,,,1856,Middletown,New Castle,DE,,,,,John Cochran,
Jones,James,Henry Rider,M,32,M,4,Apr,1856,King Georges,,MD,,,,,Dr. William Stewart,
Jones,John,Henry Clark,M,25,,2,Sept,1854,Middletown,New Castle,DE,,,,,Amos Lynch,
Jones,Lewis,,M,52,M,,,1857,,,VA,,,,,Thomas Sydan,
Jones,Margaret,,F,,,31,Oct,1855,Baltimore,Baltimore,MD,,,,,,
Jones,Mary,,F,,,23,Mar,1856,Norfolk,Norfolk,VA,X,,,Schooner,W.W. Davidson,
Jones,Mary,,F,,,,,1858,Washington,,DC,,,,,Mrs. Henry Harding,
Jones,Rebecca,,F,28,M,23,Mar,1856,Norfolk,Norfolk,VA,,X,,Schooner,W.W. Davidson,150
Jones,Rebecca,,F,,,23,Mar,1856,Norfolk,Norfolk,VA,X,,,Schooner,W.W. Davidson,
Jones,Robert,,M,35,B,2,Aug,1855,Petersburg,Dinwiddle,VA,,X,,,Thomas N. Lee,
Jones,Samuel,,M,,,1,Jun,1855,Ladies Manor,Haverford,MD,,,,,William Hutchins,
Jones,Sarah Frances,,F,,,23,Mar,1856,Norfolk,Norfolk,VA,X,,,Schooner,W.W. Davidson,
Jones,Tolbert,,M,,,1,Jun,1855,Ladies Manor,Haverford,MD,,,,,William Hutchins,
Jones,William,,M,,,14,Feb,1854,,,,,,,,,
Jones,William Henry,,M,2,,,,1858,,Queen Annes,MD,X,,,,Joshua Duvall,
Jordan,William,William Price,M,,,25,Dec,1854,,Bertie,NC,X,,,Foot,Governor Badger of North Caroina,
Judah,John,,M,32,M,1,Jun,1855,Petersburg,Dinwiddle,VA,,,,Schooner,Miss Eliza Lambert,
Kane,Jane,Catherine Kane,F,22,,29,Dec,1854,,Dorchester,MD,,,,,Rash Jones,
Kell,James,,M,24,B,4,Jul,1859,Eastern Shore,,MD,,,,,Thomas Murphy,
Kelley,Henson,,M,,,,,1860,Baltimore,Baltimore,MD,,,,,Reason Hastell,
Kelly,Mary,Charlotte Spriggs,F,,,7,Apr,1853,Baltimore,Baltimore,MD,,,,,William Watkins,
King,Charles,,M,23,,25,Sept,1854,Norfolk,Norfolk,VA,,,,,Martha M. Hope,
Knight,Mary,,F,26,B,4,Jul,1856,Norfolk,Norfolk,VA,,,,Schooner,,
Kneeland,Joeseph (sic),Joseph Hudson,M,26,B,14,Nov,1853,,,,,,,,Jacob Kneeland,
Lambert,Elizabeth,,F,,,,,1856,Middletown,New Castle,DE,,,,,Andrew Peterson,
Lambert,Horace,,M,,,,,1856,Middletown,New Castle,DE,X,,,,Andrew Peterson,
Lambert,Mary,,F,,,,,1856,Middletown,New Castle,DE,X,,,,Andrew Peterson,
Lambert,William Henry,,M,,,,,1856,Middletown,New Castle,DE,X,,,,Andrew Peterson,
Laminson,William H.,,M,21,,,,1855,,New Castle,DE,,,,,Francis Haskins,
Langhorn,Henry,William Scott,M,,M,,Dec,1858,Richmond,Henrico,VA,,X,,Steamer,Charles L. Hobson,
Latham,Major,,M,44,M,,Nov,1856,,,MC,,,,Schooner,John Latham,
Laws,George,,M,,B,,,1858,,Kent,DE,,,,,Denny,
Lazarus,James,,M,,,,,1859,Laurel,Sussex,DE,,,,,Kendall Major Lewis,
Lee,Charles,Thomas Bushier,M,,,3,Apr,1853,Baltimore,Baltimore,MD,,,,Foot,George Stewart,
Lee,John,,M,,,10,Aug,1854,Fayetteville,,NC,,,,,Luke Gaines,
Lee,John Edward,,M,,,,,1859,,Harford,MD,,,,,John B. Slade,
Lee,Lewis,,M,25,M,,,1859,Fairfax,Fairfax,VA,,,,,William Watkins,
Lee,Ordee,,F,35,B,,,1857,,,MD,,,,,Elijah Thompson,
Lee,William,,M,27,M,,,1857,,,MD,,,,,Zecharia Merica,
Levinson,William Henry,,M,21,,15,Jan,1856,New Castle,New Castle,DE,,,,,Frances Hawkins,
Lewey,Rebecca,,F,28,,4,Jul,1856,Norfolk,Norfolk,VA,,,,Schooner,,
Lewis,David,,M,27,,3,Jun,1856,Leesburg,Loudon,VA,,,,,Joshua Pussey,
Lewis,Edward,William Brady,M,36,B,7,Nov,1857,,Franklin,NC,,X,,,Carter Gay,100
Lewis,George,,M,40,,,,1858,,Sussex,DE,,,,,Samuel Laws,
Lewis,Laura,,F,25,M,16,Aug,1855,Louisville,Jefferson,KY,,,,,Widow Lewis,
Light,George,,M,,,24,Oct,1857,Cambridge,Dorchester,MD,,,,Foot,,
Light,Solomon,,M,23,,,,1857,Cambridge,Dorchester,MD,,,,,Willis Branick,
Little,Nancy,,F,,,20,Nov,1855,Norfolk,Norfolk,VA,,,,Schooner,,
Logan,George,,M,23,B,10,Apr,1856,Georgetown,Northumberland,VA,,,,,Mrs. Jane Coultson,
Logan,John W.,,M,,,10,Apr,1856,Little Georgetown,Berkley,VA,,,,,Miss Cox,
Loney,Anthony,William Armstead,M,25,B,,May,1857,Richmond,Henrico,VA,,,,Foot,Warring Talvert,
Loney,Cordelia,,F,57,M,30,Mar,1859,Fredericksburg,Spotsylvania,VA,,,,Foot,Mrs. Joseph Cahell,
Long,Silas,,M,27,B,,,1857,Cambridge,Dorchester,MD,,,X,,Sheriff Robert Bell,
Mackintosh,John,,M,44,,4,Aug,1855,Darien,McIntosh,GA,,,,,Thomas MacIntosh,
Mackey,William,,M,,,,,1858,Norfolk,Norfolk,VA,,,,,Mrs. Tunis,
Madden,Thomas,,M,22,,9,Oct,1854,Easton,Talbot,MD,,,,,Ed Ray,
Maddison,Wiley,,M,19,,,Nov,1856,Petersburg,Dinwiddle,VA,,,,Schooner,,
Mahoney,Matilda,,F,21,,24,May,1854,Frederick,Frederick,MD,,,,,William Reigard,
Malary,John,,M,,,21,Oct,1854,Norfolk,Norfolk,VA,,,,,Eliza Ann Anderson,
Mason,James,,M,24,,,,1858,Petersburg,Dinwiddle,VA,,X,,,Judith Burton,
Massey,James,,M,25,B,,Apr,1857,,Queen Annes,MD,,X,X,Foot,James Pittman,
Matterson,,,M,,,2,Nov,1853,Martinsburg,Henry,VA,,,X,Foot & Carriage,Philip Pendelton,
Matterson,,,M,,,2,Nov,1853,Martinsburg,Henry,VA,,,X,Foot & Carriage,Philip Pendelton,
Matterson,,,M,,,2,Nov,1853,Martinsburg,Henry,VA,,,X,Foot & Carriage,Philip Pendelton,
Matthews,Peter,Samuel Sparrows,M,35,B,7,Oct,1855,Oak Hill,Fairfax,VA,,,X,,William S. Matthews,
Matthews,Tom,,M,25,B,4,Apr,1856,Bladensburg,Prince Georges,MD,,,,,E.A. Jones,33
Maxwell,Thomas,,M,21,B,4,Jul,1859,Eastern Shore,,MD,,,,,Aquila Cain,
Mayo,Harriet,,F,22,,1,Jun,1855,Petersburg,Dinwiddle,VA,,,,Schooner,James Cuthbert,
McCoy,Eliza,Ellen Saunders,F,38,M,1,Nov,1854,Norfolk,Norfolk,VA,,X,,Steamer,Andrew Ligany,
McCoy,Robert,William Donar,M,32,M,1,Oct,1854,Norfolk,Norfolk,VA,,X,,,The Trader Hall,
Mead,Zechariah,John Williams,M,20,,25,Feb,1855,,,MD,,,,,Charles C. Owens,
Melvin,Mary Frances,,F,23,M,,,1858,Norfolk,Norfolk,VA,,,,,Widow Chapman,
Menia,Jane Matilda,Mary Parker,F,,,6,Apr,1853,Annapolis,Anne Arundel,MD,,,,,Richard Ducke,
Mercer,James,,M,19,B,26,Feb,1854,Richmond,Henrico,VA,,X,,Steamer,Mrs. T.E. White,
Mercer,Verenea,,F,41,B,1,Jan,1855,Richmond,Henrico,VA,,,,,Thomas W. Quales,
Miles,Samuel,Robert King,M,31,,15,Aug,1855,Revel's Neck,Somerset,MD,,X,,,Henry Miles,
Millburn,Mary,Louisa F. Jones,F,,,,May,1858,Norfolk,Norfolk,VA,,X,,,Mrs. Chapman,
Mills,Cornelius,,M,27,,,,1860,,,MD,,,,,David Snively,
Mills,Diana,,F,57,,,,1860,,,MD,,,,,David Snively,
Mills,Jerry,,M,65,,,,1860,,,MD,,,,,David Snively,
Mills,Margaret,,F,17,,,,1860,,,MD,,,,,David Snively,
Mills,Sarah Ann,,F,16,,,,1859,Haggerstown,Washington,MD,X,,,,Joseph O'Neil,
Mills,Susan,,F,15,,,,1860,,,MD,X,,,,David Snively,
Mitchell,Cyrus,John Steel,M,26,B,28,Sept,1856,Cambridge,Dorchester,MD,,,,Foot,James K. Lewis,
Mitchell,John,,M,24,B,2,Feb,1858,Viana,,,,,,,Miss Catharine Cornwell,
Mitchell,Josiah,,M,23,,2,Feb,1858,,,,,,,,Thomas J. Hodgson,
Mitchell,Lemuel,,M,35,B,2,Feb,1858,,,,,,,,James R. Lewis,
Moduck,Green,,M,,,20,Sept,156,Mount Airy,Carroll,MD,,,,,William Dorsey,
Molock,Francis,Thomas Jackson,M,21,B,28,Sept,1856,Cambridge,Dorchester,MD,,,,,James A. Waddell,
Monroe,James,,M,,,21,Jul,1856,South End,Camden,NC,,,,Schooner,,
Moody,William Henry,,M,20,B,,,1857,,,,,,,Horse & Carriage,William Henry Hyson,
Moor,Henry,,M,30,B,24,Oct,1857,Cambridge,Dorchester,MD,,,X,Foot,Levin Dale,
Moore,George,,M,,,1,Mar,1853,Cantwells Bridge,,DE,,,,,,
Moore,Hannah,Aunt Hannah,F,57,,,,1854,,,MO,,,,,Mary Moore,
Moore,John Henry,,M,24,B,,,1857,Arlington,Baltimore,MD,,,,,David Mitchell,
Morgan,Edward,,M,21,B,4,Jun,1857,Abingdon P.O.,Harford,MD,,,,,Mrs. Elizabeth Brown,500
Morris,James,,M,27,,,Jul,1856,South End,Camden,NC,,X,,Schooner,Ann McCourt,
Morris,John,,M,21,B,,Jun,1855,Norfolk,Norfolk,VA,,,,,Edward Bloomer,
Mountain,,,,1,,,,1858,,,DE,X,,,,,
Mountain,Ann,,F,22,,,,1858,,,DE,,,,,,
Munson,Alexander,Samuel Garrett,M,18,B,,Dec,1855,Martinsburg,Henry,VA,,,,,,
Murray,Gracie,Sophia Sims,F,,,3,Apr,1853,Baltimore,Baltimore,MD,,,,Foot,George Stewart,
Murray,Robert,,M,,,,,,,Loudon,VA,,,,,Eliza Brooks,
Myers,John,,M,,,,,1857,,Harford,MD,,,,,Dr. Joshua R. Nelson,
Naylor,William,,M,,,6,June,1857,Richmond,Henrico,VA,,,,Steamer,,
Neall,Daniel,,M,23,M,,Sept,1856,Washington,,DC,,,,Foot,George Parker,200
Nelson,Peter,,M,29,M,,,1858,,Stafford,VA,,,,,James Ford,
Nelson,Susan,Susan Bell,F,30,B,22,Jun,1855,Norfolk,Norfolk,VA,,,,Schooner,Thomas Baltimore,
Nelson,William,Thomas Russell,M,40,B,22,Jun,1855,Norfolk,Norfolk,VA,,,,Schooner,Turner & White,
Nelson,William Thomas,,M,,,22,Jun,1855,Norfolk,Norfolk,VA,,X,,Schooner,Thomas Baltimore,
Newton,Isaac,,M,30,,,,,Richmond,Henrico,VA,,,,,,
Nichols,Randolph,,M,20,,,,,,,MD,,,,,Mrs. Caroline Brang,
Nicholson,Adam,John Wynkoop,M,,B,12,Apr,1854,Hedgesville,Berkeley,VA,,,,Foot,Alexander Hill,
Nickless,Kit,,M,45,,21,Dec,1854,King Georges,King George,VA,,,,Foot,General Washington,
Nixon,Frederick,,M,35,,20,Nov,1855,Norfolk,Norfolk,VA,,,,Schooner,Mr. Brockover,
Nixon,Isaiah,,M,22,B,,Jun,1855,Plymouth,Washington,NC,,,,,Samuel Simmons,
Nixon,Samuel,Dr. Thomas Bayne,M,31,B,13,Mar,1855,Norfolk,Norfolk,VA,,X,,Schooner,Dr. C.F. Martin,1000
Nixon,Thomas,,M,19,B,20,Nov,1855,Norfolk,Norfolk,VA,,,,Schooner,Mr. Bockover,
Nokey,Eliza,,F,,,15,Nov,1856,Easton,Talbot,MD,,,,,,
Nole,Charles,,M,,M,,Oct,1858,,Culpepper,VA,,,,,Blooker W. Hansborough,
North,,,,,,22,Mar,1856,,,,X,,,,Edward C. Dyer,
North,Harry,Lanney,M,12,,22,May,1856,,,,X,,,,Edward C. Dyer,
Oberne,Henry,,M,21,B,,,1857,Seaford,Sussex,DE,,,,Foot,,
Oliver,William,,M,26,B,,,1859,,Prince Georges,MD,,,,,Mrs. Marshall,
Paeden,Celia,,F,,,27,Mar,1853,Norfolk,Norfolk,VA,,,,Boat,David Baines,
Paeden,Edward,,M,44,B,27,Mar,1853,Norfolk,Norfolk,VA,,,,Boat,Dr. Price,
Apeden,Harriet,,F,,,27,Mar,1853,Norfolk,Norfolk,VA,,,,Boat,David Baines,
Page,Thomas,,M,18,,23,Mar,1856,,,,,X,,Schooner,,
Parker,Ann,,F,,,14,Nov,1856,,Dorchester,MD,,,,,Edward Wiley,
Parker,Henry,,M,,,14,Nov,1856,,Dorchester,MD,,,,,Edward Wiley,
Parker,Levin,,M,22,B,24,Oct,1857,Cambridge,Dorchester,MD,,,,,Lawrence G. Colson,
Parker,Lydia Ann,,F,,,14,Nov,1856,,Dorchester,MD,,,,,Edward Wiley,
Parker,Thomas,,M,,,14,May,1856,Norfolk,Norfolk,VA,,,,,,
Patty,Elizabeth,,F,,,16,May,1856,Norfolk,Norfolk,VA,X,,,,Jacob Shuster,
Patty,Winnie,,F,22,B,16,May,1856,Norfolk,Norfolk,VA,,,,,Jacob Shuster,
Payne,Daniel,,M,,,1,Jun,1855,Richmond,Henrico,VA,,,,,M.M. Morris,
Payne,David,,M,,,24,May,1854,Richmond,Henrico,VA,,,,,,
Payne,Oscar,,M,30,M,,,1857,Alexandria,Fairfax,VA,,,,,Mary Dade,150 in state/200 out
Peaker,Thomas,,M,,,14,May,1856,Georget'n Crossroads,Kent,MD,,,,,,
Peck,Lewis,,M,,B,,,1860,Patapsco River,Howard,MD,,,,,Joseph Bryant,
Peel,William,"William ""Box"" Jones",M,23,B,,Apr,1859,Baltimore,Baltimore,MD,,,,Steamer,Robert Carr,
Pembrooke,Jacob,,M,19,,24,May,1854,Sharpsburg,Washington,MD,,,,,,
Pembrooke,Robert,,M,17,,24,May,1854,Sharpsburg,Washington,MD,X,,,,,
Pembrooke,Stephen,,M,45,,24,May,1854,Sharpsburg,Washington,MD,,,,,,
Pennington,Bob,,M,,,,May,1854,Washington,,DC,,,,,David Smith & Jacob Grove,
Pennington,Jake,,M,,,,May,1854,Washington,,DC,,,,,William Rigard,
Pennington,Peter,,M,25,B,15,Nov,1856,Easton,Talbot,MD,,,,,Wright,800
Pennington,Stephen,,M,,,,May,1854,Washington,,DC,,,,,David Smith & Jacob Grove,
Pennington,Tom,,M,25,B,,,1857,,Cecil,MD,,,,,Hon. L. McLane,
Penwell,Elizabeth,,F,22,,20,Jul,1854,Little Caroline,,MD,,,,,Dr. Clift,
Perry,Anna,,F,19,B,,,1857,Hoopesville,Dorchester,MD,,,,,,
Peters,Hannah,,F,,,17,Oct,1857,Cambridge,Dorchester,MD,,,,Foot,,
Pettifoot,John Henry,Sydney,M,26,M,,,1858,Richmond,Henrico,VA,,X,,Steamer,McHenry & McCulloch,100
Petty,Peter,,M,24,,20,Nov,1855,Norfolk,Norfolk,VA,,,,Schooner,Joseph Boukley,
Pierce,William,,M,23,B,,,,,,MD,,,,,John Hickol,
Piner,Abe,,M,23,,14,May,1856,Georget'n Crossroads,Kent,MD,,,,,George Spencer,
Piney,Benjamin,,M,20,B,,,1856,Baltimore,Baltimore,MD,,,,,Mary Hawkins,
Pinket,John,,M,27,B,,,1859,New Market,Dorchester,MD,,,,,Mary Brown,
Pipkins,Jefferson,David Jones,M,,,3,Apr,1853,Baltimore,Baltimore,MD,,X,,Foot,Widow Pipkins,
Pipkins,Louisa,Elizabeth Brit,F,,,3,Apr,1853,Baltimore,Baltimore,MD,,,,Foot,George Stewart,
Pitts,Catherine,,F,,,15,Nov,1855,Boslier,,MD,,,,,John Pitts,
Predo,Henry,,M,27,B,,Mar,1857,Bucktown,Dorchester,MD,,,,Foot,,3000
Pry,Sauney,,M,27,B,,,1856,,Loudon,VA,,,,,Nathan Clapton,
Pugh,Anthony,,M,,,24,Oct,1857,Portsmouth,Norfolk,VA,,,,Skiff,,
Pugh,Isabella,,F,,,24,Oct,1857,Portsmouth,Norfolk,VA,,,,Skiff,,
Purnell,Charles,,M,26,,1,Jan,1855,Berlin,Worcester,MD,,,,,John Derrickson,
Purnell,Irvin,,M,,,31,Jan,1853,Eastern Shore,,MD,,,,,,
Purnell,John,,M,,,,,1860,Kunkletown,Worcester,MD,,,,Boat,,
Purnell,Oliver,,M,26,B,17,Nov,1855,Berlin,Worcester,MD,,,,,Moses Purnell,
Quantence,Pascal,,M,,M,,,1857,,Rappahannock,VA,,,,,John Quantence,100
Quinn,William,,M,22,B,,,1859,Tapps' Neck,,MD,,,,,,
Redden,Mary,,F,,,29,Jan,1856,,,,,,,,,
Redden,Sarah,,F,,,29,Jan,1856,,,,,,,,,
Redick,Willis,,M,32,B,13,Dec,1853,Portsmouth,Norfolk,VA,,,,,S.J. Wilson,
Reed,Isaac,James Reed,M,,,28,Jul,1856,Eastern Shore,,MD,,,,,Benjamin Franklin Houston,
Rhoads,,,,8 mos,,,,1857,Perryville,Caroline,MD,X,,,Foot,John P. Dellum,
Rhoads,George,,M,25,B,,,1857,Perryville,Caroline,MD,,,,Foot,John P. Dellum,
Rhoads,James,,M,23,B,,,1857,Perryville,Caroline,MD,,,,Foot,John P. Dellum,
Rhoads,Sarah Elizabeth,,F,17,B,,,1857,Perryville,Caroline,MD,,,,Foot,John P. Dellum,
Richards,John Henry,,M,24,,31,May,1856,Baltimore,Baltimore,MD,,,,Railroad,James Hodges,
Rickets,John H.,Ed Henry Waples,M,22,,8,Sept,1854,Lewistown,Sussex,DE,,,,,Stephen Houston,
Ringgold,Charles,,M,18,B,4,Jul,1859,Eastern Shore,,MD,,,,,Dr. Jacob Preston,
Ringgold,Charles,,M,19,,,,,Perrymanville,Cecil,MD,,,,,,
Ringgold,Charles H.,,M,,,31,May,1856,Baltimore,Baltimore,MD,,,,Railroad,James Hodges,1300
Ringgold,William,,M,,,,,,Baltimore,Baltimore,MD,,,,Foot,Henry Wallace,
Rister,Amarian Lucretia,,F,21,M,,,1857,Westminster,Carroll,MD,,,,,Mr. Boile,
Roach,John,,M,33,,,,1859,Seaford,Sussex,DE,,,,Foot,Joshua O'Bear,
Roach,Lamby,,F,,,,,1859,Seaford,Sussex,DE,,,,Foot,Dr. Shipley,
Roberts,Emory,William Kemp,M,,,1,Jun,1855,Prest Rock,Talbot,MD,,,,,Edward Lloyd,
Robinson,Daniel,,M,,,23,Mar,1856,Petersburg,Norfolk,VA,,,,Schooner,,
Robinson,George,,M,21,B,,,1857,Elkton,Cecil,MD,,,,,Samuel Smith,
Robinson,Isaiah,,M,23,M,23,Mar,1856,Norfolk,Norfolk,VA,,,,Schooner,,250
Robinson,John,,M,,,1,Jan,1855,"Black Bird, Newcastle",,MD,,,,,William Wilson,
Robinson,Joseph,,M,30,B,1,Mar,1855,Richmond,Henrico,VA,,X,,Schooner,George E. Sadler,
Robinson,Josephine,,F,,,,,1858,Washington,,DC,,,,,Eliza Hambleton,
Robinson,Mary Ann,,F,19,,1,Jan,1855,"Black Bird, Newcastle",,MD,,,,,,
Robinson,Miles,,M,22,,,,1859,Richmond,Henrico,VA,,,,,Mrs. Roberts,
Robinson,Robert N.,,M,22,,1,Mar,1855,Richmond,Henrico,VA,,,,Schooner,Robert Slater,
Robinson,William,Thomas Harred,M,28,,19,Mar,1853,,Fauguer,VA,,,,,"John G. Beal, Esq.",
Rogers,Charles,,M,,,,,1857,Baltimore,Baltimore,MD,,,X,,Elijah J. Johnson,
Rogers,George,,M,26,B,,,1857,Baltimore,Baltimore,MD,,,X,,Elijah J. Johnson,
Ross,Benjamin,James Stewart,M,28,B,29,Dec,1854,Bucktown,Dorchester,MD,,,,,Eliza Ann Brodins,
Ross,Benjamin,,M,,,,Jun,1857,Eastern Shore,Caroline,MD,,,,,Dr. Anthony Thompson,
Ross,Charles,,M,23,,,,1859,Greensborough,Caroline,MD,,,,,Rodgers,
Ross,George,John Brown,M,26,,29,Dec,1854,Horses Crossroads,,DE,,,,,Lewis N. Wright,
Ross,Harriet,,F,,,,Jun,1857,Eastern Shore,Caroline,MD,,,,,Dr. Anthony Thompson,
Ross,Henry,Levin Stewart,M,22,,29,Dec,1854,Bucktown,Dorchester,MD,,,,,Eliza Ann Brodins,
Ross,Major,,M,,,,,1857,Havre de Grace,Harford,MD,,,,Foot,John Jay,
Ross,Robert,John Stewart,M,35,B,29,Dec,1854,Bucktown,Dorchester,MD,,,,,Eliza Ann Brodins,
Royan,William,,M,35,,,,1857,Washington,,DC,,,,,Captain Cunningham,
Russell,George,,M,,B,,,1858,Baltimore,Baltimore,MD,,,,,Henry Harris,
Salter,Charles Henry,,M,30,,,,,Baltimore,Baltimore,MD,,,,Foot,Dr. B. Crain,
Saunders,Henry,,M,,,14,May,1856,Georget'n Crossroads,Kent,MD,,,,,,
Saunders,Sarah,,F,,,4,Jul,1856,Norfolk,Norfolk,VA,,,,Schooner,Richard Gatewood,
Scott,,,,,,25,Nov,1853,Havana,,MD,X,,,,Daniel Coolby,
Scott,,,,,,25,Nov,1853,Havana,,MD,X,,,,Daniel Coolby,
Scott,Anna,,F,,,,Dec,1855,Cecil Cross Roads,,MD,,,,,Mrs. Ann Elizabeth Lushy,
Scott,Bill,,M,21,,,,1857,,Cecil,MD,,,,,Hon. L. McLane,
Scott,Cornelius,,M,23,M,,Mar,1857,Salvington,Stafford,VA,,,,Foot,Henry L. Brooke,
Scott,Godfrey,,M,,,20,Nov,1855,Norfolk,Norfolk,VA,,,,Schooner,,
Scott,Hetty,Margaret Duncans,F,,,25,Nov,1853,Havana,,MD,,,,,Daniel Coolby,
Scott,Jack,,M,36,B,3,Nov,1857,Richmond,Henrico,VA,,,,Foot,"David B. Turner, Esq.",
Scott,Jane,,F,14,B,3,Jun,1856,Hagarstown,Washington,MD,X,,,Horseback,George Shaffer,
Scott,Jim,,M,19,B,,,1857,,Cecil,MD,,,,,Hon. L. McLane,
Scott,John,Levis Duncans,M,22,,3,Oct,1853,,Haverford,MD,,,,,,
Scott,John,,M,,,17,Oct,1857,Cambridge,Dorchester,MD,,,,Foot,,
Scott,Priscilla,Priscilla Duncans,F,,,25,Nov,1853,Havana,,MD,X,,,,Daniel Coolby,
Scott,Sam,,M,22,,,,1857,,Cecil,MD,,,,,Hon. L. McLane,
Scott,Samuel,,M,,,,Dec,1855,Cecil Cross Roads,,MD,,,,,,
Scott,William,,M,24,,,,1857,Stafford,Harford,MD,,,,Foot,Susan Fox,
Scott,Winfield,,M,,,4,Jul,1856,Norfolk,Norfolk,VA,,,,Schooner,William Taylor,
Seymour,Elijah,,M,34,B,4,Jul,1856,Norfolk,Norfolk,VA,,,,Schooner,William Taylor,
Shaw,Nace,,M,23,M,,,1858,Baltimore,Baltimore,MD,,,,,Dr. Ephraim Bell,
Shaw,James,,M,45,B,11,Sept,1858,Marlboro,Prince Georges,MD,,,,,Sarah Ann Talburtt,
Sheldon,James,,M,,,7,Sept,1857,Norfolk,Norfolk,VA,,X,,,Mrs. Maria Hansford,
Shepherd,Andrew,,M,26,,,Nov,1856,South End,Camden,NC,,,,Schooner,,
Shepherd,Anna Maria,,F,,,8,Nov,1855,Chestertown,Kent,MD,X,,,Horse & Carriage,,
Shepherd,Edwin,,M,,,8,Nov,1855,Chestertown,Kent,MD,X,,,Horse & Carriage,,
Shepherd,Eliza Jane,,F,,,8,Nov,1855,Chestertown,Kent,MD,X,,,Horse & Carriage,,
Shepherd,Harriet,,F,,,8,Nov,1855,Chestertown,Kent,MD,,,,Horse & Carriage,,
Shepherd,John Henry,,M,,,8,Nov,1855,Chestertown,Kent,MD,X,,,Horse & Carriage,,
Shepherd,Mary Ann,,F,,,8,Nov,1855,Chestertown,Kent,MD,X,,,Horse & Carriage,,
Shepherd,Perry,Richard Reed,M,,,28,Jul,1856,Eastern Shore,,MD,,,,,Sarah Ann Burgess,
Shidon,James,,M,,,10,Jan,1854,Georgetown,,DC,,,,,Thomas Young,
Sims,Samuel,,M,30,B,20,Sept,1856,Mount Airy,Carroll,MD,,,,,Thomas B. Owings,
Sipple,Mary Ann,,F,,,,,1860,Kunkletown,Worcester,MD,,,,Boat,,
Sipple,Thomas,,M,,,,,1860,Kunkletown,Worcester,MD,,,,Boat,,
Skinner,Thomas Edward,,M,18,M,11,Apr,1858,Baltimore,Baltimore,MD,,,,,George H. Carman,
Slater,Samuel,Patterson Smith,M,30,B,3,Apr,1854,Power Bridge,,MD,,X,,,William Martin,
Slcum,Jesse,,M,24,,16,May,1856,,Dorchester,MD,,,,,,
Smallwood,Henry,,M,36,B,,,1859,,,MD,,,,,Washington Bonafont,
Smallwood,John,,M,,,9,Feb,1857,Ellicott's Mills,Howard,MD,,,,,Samuel Simons,
Smith,Adam,,M,30,B,22,Aug,1857,Beltsville,Prince Georges,MD,,,,,Isacc Scaggs,
Smith,Betsy,Fanny Jackson,F,27,B,18,Aug,1856,Alder,Loudon,VA,,,X,Foot,Widow Hutchinson's daughter,
Smith,Daniel M.,,M,,M,11,Sept,1858,Alexandria,Fairfax,VA,,,,,James Garnett,
Smith,Edward,,M,17,,,,1858,Belleair,Harford,MD,X,,,,Robert Hollan,
Smith,Henry,,M,23,B,,,1858,Belleair,Harford,MD,,,,,Robert Hollan,
Smith,James,,M,,,,,1858,Belleair,Harford,MD,X,,,,Robert Hollan,
Smith,Jesse,,M,34,,12,Dec,1854,Norfolk,Norfolk,VA,,,,,Cornelius Herman,
Smith,Jeremiah,,M,26,B,29,Jan,1854,Richmond,Henrico,VA,,,,Steamer,James Kinard,
Smith,John,,M,19,M,,,1856,Marshall District,Harford,MD,,,,,Dr. Abraham Street,
Smith,John,,M,,,20,Nov,1855,Norfolk,Norfolk,VA,,,,Schooner,,
Smith,John,,M,20,B,,,1857,Hoopesville,Dorchester,MD,,,,,George Morgan,
Smith,John Wesley,,M,26,,,,,Cambridge,Dorchester,MD,,,,,Daniel Hubert,
Smith,Josephine,,F,,,,,,Washington,,DC,,,,,Anna Maria Warren,
Smith,Julia,,M,30,B,29,Jan,1854,Richmond,Henrico,VA,,,,Steamer,A. Judson Crane,
Smith,Julius,,M,25,B,,,1858,Belleair,Harford,MD,,,,,Robert Hollan,
Smith,Mary,,F,,,,,1858,Belleair,Harford,MD,,,,,Robert Hollan,
Smith,Nathaniel,John Hutchins,M,24,,15,Nov,1854,Baltimore,Baltimore,MD,,,,,,
Smith,Page,,F,9,,10,May,1854,Wilmington,New Castle,DE,X,,,,Rev. A.D. Pollock,
Smith,Robert,,M,24,,31,May,1856,Baltimore,Baltimore,MD,,,,Railroad,William H. Normis,
Smith,Samuel,,M,,,4,Jul,1859,Eastern Shore,,MD,,,,,Aquila Cain,
Smith,Sarah,Mildred Page,F,30,B,10,May,1854,Wilmington,New Castle,DE,,,,,Rev. A.D. Pollock,
Smith,Stafford,,M,,,,,1860,,Westmoreland,VA,,,,,Harriet Parker,
Smith,Thomas,,M,,,22,Aug,1857,Washington,,DC,,,,,William Rowe,100
Smith,Vincent,John Jackson,M,23,B,18,Aug,1856,Alder,Loudon,VA,,X,,Foot,Nathan Skinner,
Smith,William Israel,,M,21,,4,Aug,1856,Middletown,New Castle,DE,,,,,John P. Cather,
Snivley,David,,M,26,B,,,1860,Frederick,Frederick,MD,,,,,Charles Preston,
Snowden,Lewis,Lewis Williams,M,28,,20,Jun,1854,Washington,,DC,,,,,A. Nayton,
Solomon,George,,M,33,M,,Sept,1856,Washington,,DC,,,,Foot,Daniel Minor,
Somlor,Washington,James Moore,M,32,,,,1855,Norfolk,Norfolk,VA,,X,X,Steamer,Smith,
Sparks,John,,M,,,22,Feb,1857,Eastern Shore,,MD,,,,Foot & Boat,Mary Gibson & Others,
Spence,Arthur,,M,24,,23,Mar,1856,,,NC,,,,Schooner,,
Spencer,John,,M,,,,,1853,Eastern Shore,,MD,,,,Foot,,
Spencer,William,,M,,,,,1853,Eastern Shore,,MD,,,,Foot,,
Sperryman,George,Thomas Johnson,M,,,28,July,1856,Richmond,Henrico,VA,,,,,Nicholas Templeman,
Spires,Valentine,Jonathan Wesley,M,,,28,July,1856,Petersburg,Norfolk,VA,,,,,Dr. Jesse Squires,
Stanly,,,F,,,17,Oct,1857,Cambridge,Dorchester,MD,,,,Foot,Samuel Count,
Stanly,Caroline,,F,,,17,Oct,1857,Cambridge,Dorchester,MD,X,,,Foot,Samuel Count,
Stanly,Daniel,,M,35,,17,Oct,1857,Cambridge,Dorchester,MD,,,,Foot,Robert Calender,
Stanly,"Daniel, Jr.",,M,,,17,Oct,1857,Cambridge,Dorchester,MD,X,,,Foot,Robert Calender,
Stanly,John,,M,,,17,Oct,1857,Cambridge,Dorchester,MD,X,,,Foot,Samuel Count,
Stanly,Josiah,,M,,,17,Oct,1857,Cambridge,Dorchester,MD,X,,,Foot,Samuel Count,
Stanly,Miller,,M,,,17,Oct,1857,Cambridge,Dorchester,MD,X,,,Foot,Samuel Count,
Stanton,Philip,,M,22,,,,,,,MD,,,,,John Smith,
Stephenson,Mary,,F,20,B,,,1857,,Caroline,MD,,,,,,
Stewart,Harriet,,F,29,B,,,1857,Washington,,DC,,,,Foot,William A. Linton,
Stewart,Henry,,M,23,,19,Jun,1855,Plymouth,Washington,NC,,,,,James Monroe Woodhouse,
Stewart,James,William Jackson,M,21,,26,Apr,1854,,Fauguer,VA,,,,,William Rose,
Stewart,Mary Eliza,,F,8,,,,1857,Washington,,DC,X,,,Foot,William A. Linton,
Stewart,Robert,Gasberry Robinson,M,30,B,18,Aug,1856,Alder,Loudon,VA,,X,,Foot,Widow Hutchinson,
Stewart,Susan,,F,,B,,,,Washington,,DC,,,,,Henry Harley,
Stinger,John,,M,40,M,24,Oct,1857,Portsmouth,Norfolk,VA,,,,Skiff,Joseph Carter,
Swan,Stebney,,M,34,M,24,Oct,1857,Portsmouth,Norfolk,VA,,X,,Skiff,Joseph Carter,
Tatum,Alan,,M,30,B,20,Nov,1855,Norfolk,Norfolk,VA,,,,Schooner,Lovey White,
Taylor,,,F,,,,Mar,1856,Haggerstown,Washington,MD,,,,Horse & Carriage,,
Taylor,,,,,,,Mar,1856,Haggerstown,Washington,MD,X,,,Horse & Carriage,,
Taylor,,,,,,,Mar,1856,Haggerstown,Washington,MD,X,,,Horse & Carriage,,
Taylor,Benjamin,,M,20,,,,1858,Alexandria,Fairfax,VA,,,X,,Meed,
Taylor,Benjamin,,M,,,,Mar,1856,Haggerstown,Washington,MD,,,,Horse & Carriage,Henry Fiery,
Taylor,Caroline,,F,,M,23,Mar,1856,Norfolk,Norfolk,VA,,,,Schooner,"Peter March, Esq.",
Taylor,Edward,,M,,,,Mar,1856,Haggerstown,Washington,MD,X,,,Horse & Carriage,,
Taylor,Harriet,,F,,,4,Jul,1856,Norfolk,Norfolk,VA,,,,Schooner,,
Taylor,Jacob,,M,20,B,11,Apr,1858,Baltimore,Washington,MD,,,,,William J.B. Parlett,50 in State/200 Out
Taylor,James,,M,20,M,,,1859,Fredericksburg,Spotsylvania,VA,,,,,George Ailer,
Taylor,Mary,,F,9,,23,Mar,1856,Norfolk,Norfolk,VA,X,,,Schooner,"Peter March, Esq.",
Taylor,Mary Ann,,F,,,,Mar,1856,Haggerstown,Washington,MD,,,,Horse & Carriage,,
Taylor,Nancy,,F,11,,23,Mar,1856,Norfolk,Norfolk,VA,X,,,Schooner,"Peter March, Esq.",
Taylor,Otho,,M,,,,Mar,1856,Haggerstown,Washington,MD,,,,Horse & Carriage,Henry Fiery,
Taylor,Owen,,M,31,,,Mar,1856,Haggerstown,Washington,MD,,,,Horse & Carriage,Henry Fiery,
Taylor,Roberta,,F,23,M,,,1858,Baltimore,Baltimore,MD,,X,,,Mrs. & Mrs. McCoy,
Taylor,Stephen,,M,20,,,,,Sandy Hook,Harford,MD,,,,Foot,James Smithen,
Taylor,William N.,,M,35,B,2,Jun,1857,Hanover,Hanover,VA,,,,Foot,Walter H. Tyler,100
Teamour,Thomas,,M,,,20,Nov,1855,Norfolk,Norfolk,VA,,,,Schooner,,
Thomas,Alice,,F,,,26,Mar,1853,,Frederick,MD,,,,,James Short,
Thomas,Joseph,,M,,,,,,,Prince Georges,MD,,,,,,
Thomas,William,,M,,,22,Jun,1855,Norfolk,Norfolk,VA,,,,Schooner,,
Thompson,,,,,,22,Jul,1853,Baltimore,Baltimore,MD,X,,,,,
Thompson,Charity,,F,12,,,Jul,1856,Portsmouth,Norfolk,VA,X,,,Schooner,,
Thompson,Charles,,M,40,,21,Oct,1854,Richmond,Henrico,VA,,,,,Widow Thorton,
Thompson,Charles,,M,25,B,,,1857,Richmond,Henrico,VA,,,,Foot,Fleming Bibbs,
Thompson,Charles,,M,,,,Jul,1856,Portsmouth,Norfolk,VA,,,,Schooner,,
Thompson,Elizabeth,,F,,,22,Jul,1853,Baltimore,Baltimore,MD,,,,,,
Thompson,Hannah Jane,,F,,,12,Dec,1853,,Sussex,DE,,,,,,
Thompson,James Henry,Milton Brown,M,28,B,,,1858,Johnsonville,,MD,,,,,Dennis Mannard,
Thompson,John,,M,19,M,,,1857,Huntsville,Madison,AL,,X,,Railroad,Hezekiah Thompson,
Thompson,Robert,,M,39,,,,1858,Higherstown,,,,,,,John R. Laten,
Thompson,William,,M,,,29,Dec,1854,Horses Crossroads,,DE,,,,,Lewis N. Wright,
Thompson,William Henry,,M,24,B,14,May,1856,Norfolk,Norfolk,VA,,,,,,
Thorton,Alfred S.,,M,22,B,,,1858,,,VA,,,,,C.F. Shinn,
Thorton,Lawrence,,M,23,B,,,1857,Alexandria,Fairfax,VA,,,,,Dr. Isaac Winslow,
Tilson,Abram,,M,,,,,1857,Georget'n Crossroads,Kent,MD,,,,,Samuel Jarman,
Todd,,,F,,,,,1857,Unionville,Frederick,MD,,,,,Thorton Pool,
Todd,Isaac,,M,23,M,,,1857,Unionville,Frederick,MD,,,,,Dr. Granberry Sappington,
Tonnell,,,M,7,,,Dec,1853,Georgetown,Sussex,DE,X,,,,Isaac Tom,
Tonnell,Rose Anna,Maria Hide,F,,,,Dec,1853,Georgetown,Sussex,DE,,,,,Isaac Tom,
Townsend,Henry,,M,21,B,17,Feb,1857,Purnell P.O. Box,Caroline,MD,,,,,E. Townsend,
Triplett,William,,M,23,B,,,1857,Alexandria,Fairfax,VA,,,,,Mrs. A.B. Fairfax,
Trusty,Perry Henry,,M,31,B,,,1857,,Caroline,,,X,,Foot,James Pittman,
Tubman,Harriet,,F,,,,May,1856,,,MD,,,,,,
Tucker,Henry,,M,,B,,,1858,Arabella Creek Place,Baltimore,MD,,,,,Elias Sneveley,
Tudle,Henry,,M,,,13,,1860,Fredericksburg,Spotsylvania,VA,,,,,Ezra Houpt,
Turner,Edmundson,,M,25,B,,Dec,1857,Petersburg,Dinwiddle,VA,,X,,Foot,Ann Coley,
Turner,Isaac,,M,28,B,,Dec,1857,Petersburg,Dinwiddle,VA,,,,Foot,Ann Coley,
Turner,Jackson,,M,27,B,,May,1857,Petersburg,Dinwiddle,VA,,,,Foot,Ann Coley,
Turner,Samuel,,M,,,,,1857,,,,,,,,,
Unidentified,,,M,17,,16,Aug,1853,Eastern Shore,,MD,X,,,,,
Unidentified,,,M,,,6,Jan,1853,,,MD,,,,,,
Unidentified,,,M,,,6,Jan,1853,,,MD,,,,,,
Unidentified,,,M,,,25,Nov,1853,Havana,,MD,,,,,Daniel Coolby,
Unidentified,,,F,,,25,Nov,1853,Havana,,MD,,,,,Daniel Coolby,
Unidentified,,,F,,,14,Aug,1854,,,DE,,,,,Rebecca Johnson,
Unidentified,,,F,,,24,Aug,1854,Baltimore,Baltimore,MD,,,,,,
Unidentified,,,F,,,3,Mar,1854,Georgetown,Sussex,DE,,,,,Isaac Tom,
Unidentified,,,M,,,3,Mar,1854,Georgetown,Sussex,DE,,,,,Isaac Tom,
Unidentified,,,M,7,,1,Dec,1854,Richmond,Henrico,VA,X,,,Steamer,,
Unidentified,,,M,,,10,Dec,1855,Chestertown,Kent,MD,,,,Horse & Wagon,,
Unidentified,,,M,,,10,Dec,1855,Chestertown,Kent,MD,,,,Horse & Wagon,,
Unidentified,,,M,,,1,Nov,1855,,,,,,,,,
Unidentified,,,M,,,1,Nov,1855,,,,,,,,,
Unidentified,,,F,,,1,Nov,1855,,,,,,,,,
Unidentified,,,F,,,1,Nov,1855,,,,,,,,,
Unidentified,,,F,,,1,Nov,1855,,,,,,,,,
Unidentified,,,M,,,13,May,1856,,,MD,,,,,,
Unidentified,,,M,,,13,May,1856,,,MD,,,,,,
Unidentified,,,M,,,13,May,1856,,,MD,,,,,,
Unidentified,,,M,,,13,May,1856,,,MD,,,,,,
Unidentified,,,F,,,31,May,1856,Leesburg,Loudon,VA,,,,Horse & Carriage,,
Unidentified,,,F,10,,31,May,1856,Leesburg,Loudon,VA,X,,,Horse & Carriage,,
Unidentified,,,,,,,Apr,1856,,,MD,,,,,,
Unidentified,,,,,,,Apr,1856,,,MD,,,,,,
Unidentified,,,,,,,Apr,1856,,,MD,,,,,,
Unidentified,,,,,,,Apr,1856,,,MD,,,,,,
Unidentified,,,,,,,,1857,,,,,,,,William H. Hyson,
Unidentified,,,,,,,,1857,,,,,,,,William H. Hyson,
Unidentified,,,,,,,,1857,,,,,,,,William H. Hyson,
Unidentified,,,M,,B,,,1856,,Kent,DE,,,,,Denny,
Unidentified,,,,,,,,1859,Washington,,DC,X,,,,,
Unidentified,,,,2,,,,1859,Washington,,DC,X,,,,,
Unidentified,,,,,,,,1860,,Frederick,MD,,,,,,
Unidentified,,,,,,,,1860,,Frederick,MD,,,,,,
Unidentified,,,,,,,,1860,,Frederick,MD,,,,,,
Unidentified,,,,,,,,1860,,Frederick,MD,,,,,,
Upsher,George,,M,,,7,Nov,1857,Richmond,Henrico,VA,,X,,,Dr. Thomas W. Upsher,100
Vaughn,Michael,William Brown,M,31,B,20,Nov,1855,Norfolk,Norfolk,VA,,X,,Schooner,,
Viney,,,M,9 mos,,24,Oct,1857,Cambridge,Dorchester,MD,X,,,Foot,,
Viney,,,M,8,,24,Oct,1857,Cambridge,Dorchester,MD,X,,,Foot,,
Viney,,,M,,,24,Oct,1857,Cambridge,Dorchester,MD,X,,,Foot,,
Viney,,,F,,,24,Oct,1857,Cambridge,Dorchester,MD,X,,,Foot,,
Viney,Joseph,,M,40,B,24,Oct,1857,Alexandria,Fairfax,VA,,,,Foot,Charles Bryant,
Viney,Susan,,F,35,B,24,Oct,1857,Cambridge,Dorchester,MD,,,,Foot,Samuel Pattison,
Walker,,,F,38,,4,Jul,1856,Norfolk,Norfolk,VA,,,,Schooner,,
Walker,George,Austin Valentine,M,43,,18,Jan,1855,Petersburg,Dinwiddle,VA,,,,Steamer,Eliza Jones,
Walker,John,,M,25,,13,Sept,1853,Clarksville,Mecklenburg,VA,,,,,Mr. Easley,
Walters,Mary,,F,18,,26,Jul,1854,,,MD,,,,,,
Wanzer,Frank,Robert Scott,M,25,M,24,Dec,1855,Alder,Loudon,VA,,,X,Horse & Carriage,Luther Sullivan,
Waples,Hansel,,M,,,30,Dec,1853,"Hillsboro, Indian R.",,,,,,,William E. Burton,
Washington,George,,M,15,B,,,1857,Perryville,Caroline,MD,,,,Foot,Benjamin Sylves,
Washington,George,James Williams,M,19,,5,Dec,1854,Bellair,Harford,MD,,,,,William Fernandus,
Washington,George Nelson,,M,19,,,,1858,,Queen Annes,MD,,,,,Joshua Duvall,
Washington,Henry,Anthony Hanley,M,50,,19,Jun,1855,Norfolk,Norfolk,VA,,,,,Seth March,
Washington,Mark,William Wilson,M,27,,2,Sept,1854,Hall's Crossroads,,MD,,,,,James Worthington,
Washington,Samuel,James Moore,M,35,,27,Feb,1855,Norfolk,Norfolk,VA,,,,,Benjamin Smith,
Washington,William Henry,,M,20,,,,,Baltimore,Baltimore,MD,,,,Foot,Dr. B. Crain,
Waters,Jacob,,M,21,B,,,,Frederick,Frederick,MD,,,,Foot,William Dorsey,
Waters,John,,M,40,B,,,1859,Tapps' Neck,,MD,,,,,H. Lynch,
Watson,James Henry,,M,20,B,11,Apr,1856,Snowhill,Worcester,MD,,,,,James Purnell,
Weems,,,,1,,,Jul,1857,Washington,,DC,X,,,,,
Weems,Arrah,,F,,,,Jul,1857,Washington,,DC,,,,,,
Weems,John,Jack Herring,M,,,,,1858,,,DE,,,,,Kendall B. Herring,
Weems,Maria,Joe Wright/Ellen Capron,F,15,B,25,Nov,1855,Washington,,DC,X,,,Carriage,Charles M. Price,500
Wellington,Jane,Jane Johnson,F,,,12,Jun,1856,Hagarstown,Washington,MD,,,,,David Beiller,
Wells,Jack,,M,,B,,,1857,,Cecil,MD,,,,,William Knight,
Wheeler,Henry,,M,21,,,,1859,Havre de Grace,Harford,MD,,,,,Amos Barnes,
White,Albert,,M,,,,,1860,,Cecil,MD,,,,,William Parker,
White,Emanuel T.,,M,25,M,,,1857,Norfolk,Norfolk,VA,,X,,Steamer,Edward H. Hubert,
White,George,,M,,,,,1860,,Cecil,MD,,,,,William Parker,
White,Isaac,,M,22,B,,Jan,1858,Lewes,Sussex,DE,,,,Skiff,Thomas Carper,
White,Miles,,M,21,,12,Jun,1854,Elizabeth City,Pasquotan,NC,,,,Boat,Albert Kern,1500
White,Robert,,M,35,,25,Sept,1854,Norfolk,Norfolk,VA,,,,,Henry Handy,
White,Tucker,,M,,,,Dec,1854,Dinwiddle,Dinwiddle,VA,,,,,Major Isaac Rooney,
White,William B.,,M,36,B,23,Apr,1854,Richmond,Henrico,VA,,,,Steamer,H.B. Dickinson,
White Lady,,,F,,,,,,Leesburg,Loudon,VA,,,,,James Hodges,
Whiting,Ralph,,M,26,B,,Jun,1855,Norfolk,Norfolk,VA,,,,,"George W. Kemp, Esq.",
Whitney,Israel,,M,36,,,Oct,1857,Alexandria,Fairfax,VA,,,,Foot,Elijah Money,
Wiggins,Daniel,,M,29,,16,Mar,1854,Norfolk,Norfolk,VA,,X,,,Richard Scott,
Wilkins,Charles,,M,3,,,,1859,Cecil,Cecil,MD,X,,,,George Ford,
Wilkins,James Andy,,M,,,,,1859,Cecil,Cecil,MD,,,,,George Biddle,
Wilkins,Lucinda,,F,21,B,,,1859,Cecil,Cecil,MD,,,,,George Ford,
Wilkinson,Horatio,,M,44,M,2,Feb,1858,,,,,,,,Thomas J. Hodgson,
William,Mary,,F,,,,,1860,Fredericksburg,Spotsylvania,VA,,,,,Christian Thomas,
Williams,,,F,,,30,Apr,1856,Haven Manor,,MD,,,,,John Peak,
Williams,Edward,Henry Johnson,M,,,3,Apr,1853,Baltimore,Baltimore,MD,,,,Foot,Charles Moondo,
Williams,Elizabeth,,F,20,B,,,1857,Wrightstown,Baltimore,MD,,,,,Samuel Ward,
Williams,George,,M,,,31,Aug,1855,St. Louis,St. Louis,MO,,,,,Isaac Hill,
Williams,Hanson,,M,40,B,11,Sept,1858,Washington,,DC,,,,,Levi Pumphrey,100
Williams,Henderson,,M,32,,4,Jul,1856,Norfolk,Norfolk,VA,,,,Schooner,A. Briggs,
Williams,Isaac,,M,26,,21,Dec,1854,Hampsted,King George,VA,,,,Foot,D. Fitchhugh,
Williams,John,,M,25,,6,Oct,1855,,,MD,,,,,,
Williams,Richard,,M,,,,,1859,Richmond,Henrico,VA,,,,,John A. Smith,
Williams,Samuel,John Williams,M,32,B,,Mar,1857,Cumberland,Alleganey,MD,,,,Foot,Elivina Duncans,
Williams,Wesley,,M,,,3,Jan,1857,Warrick,,MD,,,,,Jack Jones,
Williams,William,,M,,,30,Apr,1856,Haven Manor,,MD,,,,,John Peak,
Williamson,William,,M,24,,,,1858,Perrymanville,Cecil,MD,,,,,Rebecca Davidge,
Wilmer,George,,M,,,5,Sept,1856,Georget'n Crossroads,Kent,MD,,,,,Eben Welch,
Wilson,Franklin,,M,18,,24,Oct,1855,,,DE,,,,,Dr. William Daniels,
Wilson,Lewis,,M,50,,,,1859,Tapps' Neck,,MD,,,,,H. Lynch,
Wilson,Ned,,M,,,20,Nov,1855,Norfolk,Norfolk,VA,,,,Schooner,,
Wilson,Perry,Henry Wilson,M,22,,10,Oct,1854,Baltimore,Baltimore,MD,,,,,John Talbot,
Wilson,Sarah E.,,F,,,20,Nov,1855,Norfolk,Norfolk,VA,,,,Schooner,,
Wilson,Thomas,,M,,,8,Feb,1853,,,MD,,,,,,
Wilson,William,,M,42,,,Nov,1856,,,NC,,,,Schooner,Dr. Thomas Warren,
Wilson,Willis,,M,,,20,Nov,1855,Norfolk,Norfolk,VA,,,,Schooner,,
Wines,Moses,,M,,B,6,May,1854,Portsmouth,Norfolk,VA,,,,Steamer,Abigail Wheeler,
Winston,Joe,,M,23,B,6,Jun,1857,Richmond,Henrico,VA,,,,Steamer,Samuel Ellis,200 in State/500 Out
Wise,Harry,,M,24,B,,Aug,1857,,Harford,MD,,,,,Elliott Burwell,50 in State/100 Out
Wood,Edward,,M,,,,,1859,Drummerstown,Accomac,VA,,,,,James White,
Wood,John,,M,28,,,,1857,Unionville,Frederick,MD,,X,,,Judge Birch,
Wood,Moses,,M,,,,,1857,Georgetown,,DC,,,,,General Briscoe,
Wooden,William,William Nelson,M,23,B,21,May,1854,Georgetown,Sussex,DE,,,,,Judge Wooden,
Wodders,Abram,,M,35,B,,,1857,Norfolk,Norfolk,VA,,,,,Taylor Sewell,50
Woofley,Lavina,,F,,,,,1857,Cambridge,Dorchester,MD,,,,Foot,,
Wright,Elizabeth,,F,32,,,,1857,Laurel,Sussex,MD,,,,,Jane Cooper,
Wright,John,,M,30,B,,,1857,,Sussex,MD,,,,,William S. Phelps,
Wright Crossroads,Leeds,,M,,,,,1857,Georget'n Crossroads,Kent,MD,,,,,Rev. John Wesley Pearson,
Young,Anna Elizabeth,,F,24,B,,,,,Kent,MD,,,,,Massey,
Young,Gusta,,M,21,B,11,Sept,1858,Washington,,DC,,,X,,Levi Pumphrey,100
Young,Murray,,M,21,B,,,,,New Castle,DE,,,,,Dr. Lober,
Young,Sarah Catharine,,F,19 mos,,,,,,Kent,MD,X,,,,Massey,
,,,,,,,,,,,,,,,,,
"The abolitionist William Still organized this data as he aided freedom seekers in Philadelphia. Most records can be found in his 1872 book, The Underground Railroad. Some names are listed in ""Journal C,"" an unpublished manuscript at the Historical Society of Pennsylvania.","Still's data was later compiled by James A. McGowan and William C. Kashatus and published in William C. Kashatus, William Still: The Underground Railroad and the Angel at Philadelphia (University of Notre Dame Press, 2021). ",Data converted to Microsoft Excel Spreadsheet by Public Historian Nick Sacco. Email: pastexplore@gmail.com,,,,,,,,,,,,,,,